timestamp,type,value
1770602788.1231706,BIT,1
1770602788.1231706,BIT,1
1770602788.1231706,BIT,1
1770602788.1231706,BIT,0
1770602788.1231706,BIT,0
1770602788.1231706,BIT,0
1770602788.1231706,BIT,1
1770602788.1231706,BIT,0
1770602788.1231706,BIT,1
1770602788.1231706,BIT,1
1770602788.3539002,BIT,1
1770602788.3539002,BIT,0
1770602788.3539002,BIT,0
1770602788.3539002,BIT,0
1770602788.3539002,BIT,1
1770602788.3539002,BIT,0
1770602788.3539002,BIT,0
1770602788.3539002,BIT,0
1770602788.3539002,BIT,0
1770602788.3539002,BIT,0
1770602788.7071626,BIT,1
1770602788.7071626,BIT,1
1770602788.7071626,BIT,1
1770602788.7071626,BIT,0
1770602788.7071626,BIT,1
1770602788.7071626,BIT,1
1770602788.7071626,BIT,0
1770602788.7071626,BIT,0
1770602788.7071626,BIT,0
1770602788.7071626,BIT,1
1770602789.019995,BIT,0
1770602789.019995,BIT,1
1770602789.019995,BIT,1
1770602789.019995,BIT,0
1770602789.019995,BIT,1
1770602789.019995,BIT,0
1770602789.019995,BIT,0
1770602789.019995,BIT,0
1770602789.019995,BIT,0
1770602789.019995,BIT,1
1770602789.307435,BIT,1
1770602789.307435,BIT,0
1770602789.307435,BIT,1
1770602789.307435,BIT,1
1770602789.307435,BIT,1
1770602789.307435,BIT,1
1770602789.307435,BIT,1
1770602789.307435,BIT,1
1770602789.307435,BIT,0
1770602789.307435,BIT,1
1770602789.6206975,BIT,1
1770602789.6206975,BIT,1
1770602789.6206975,BIT,0
1770602789.6206975,BIT,0
1770602789.6206975,BIT,0
1770602789.6206975,BIT,1
1770602789.6206975,BIT,1
1770602789.6206975,BIT,1
1770602789.6206975,BIT,1
1770602789.6206975,BIT,1
1770602789.9792929,BIT,0
1770602789.9792929,BIT,1
1770602789.9792929,BIT,1
1770602789.9792929,BIT,1
1770602789.9792929,BIT,1
1770602789.9792929,BIT,1
1770602789.9792929,BIT,0
1770602789.9792929,BIT,0
1770602789.9792929,BIT,1
1770602789.9792929,BIT,1
1770602790.3181124,BIT,0
1770602790.3181124,BIT,1
1770602790.3181124,BIT,1
1770602790.3181124,BIT,1
1770602790.3181124,BIT,0
1770602790.3181124,BIT,0
1770602790.3181124,BIT,1
1770602790.3181124,BIT,0
1770602790.3181124,BIT,0
1770602790.3181124,BIT,0
1770602790.5822098,BIT,0
1770602790.5822098,BIT,0
1770602790.5822098,BIT,1
1770602790.5822098,BIT,1
1770602790.5822098,BIT,1
1770602790.5822098,BIT,1
1770602790.5822098,BIT,1
1770602790.5822098,BIT,0
1770602790.5822098,BIT,0
1770602790.5822098,BIT,1
1770602790.8135357,BIT,1
1770602790.8135357,BIT,1
1770602790.8135357,BIT,1
1770602790.8135357,BIT,0
1770602790.8135357,BIT,1
1770602790.8135357,BIT,0
1770602790.8135357,BIT,0
1770602790.8135357,BIT,1
1770602790.8135357,BIT,0
1770602790.8135357,BIT,0
1770602791.0764692,BIT,1
1770602791.0764692,BIT,0
1770602791.0764692,BIT,1
1770602791.0764692,BIT,0
1770602791.0764692,BIT,1
1770602791.0764692,BIT,0
1770602791.0764692,BIT,1
1770602791.0764692,BIT,1
1770602791.0764692,BIT,1
1770602791.0764692,BIT,1
1770602791.3260775,BIT,1
1770602791.3260775,BIT,0
1770602791.3260775,BIT,1
1770602791.3260775,BIT,1
1770602791.3260775,BIT,1
1770602791.3260775,BIT,1
1770602791.3260775,BIT,1
1770602791.3260775,BIT,1
1770602791.3260775,BIT,0
1770602791.3260775,BIT,1
1770602791.5886333,BIT,1
1770602791.5886333,BIT,0
1770602791.5886333,BIT,1
1770602791.5886333,BIT,0
1770602791.5886333,BIT,1
1770602791.5886333,BIT,0
1770602791.5886333,BIT,1
1770602791.5886333,BIT,0
1770602791.5886333,BIT,1
1770602791.5886333,BIT,0
1770602791.8732345,BIT,0
1770602791.8732345,BIT,1
1770602791.8732345,BIT,0
1770602791.8732345,BIT,1
1770602791.8732345,BIT,0
1770602791.8732345,BIT,0
1770602791.8732345,BIT,0
1770602791.8732345,BIT,1
1770602791.8732345,BIT,1
1770602791.8732345,BIT,1
1770602792.1642587,BIT,1
1770602792.1642587,BIT,0
1770602792.1642587,BIT,1
1770602792.1642587,BIT,0
1770602792.1642587,BIT,1
1770602792.1642587,BIT,1
1770602792.1642587,BIT,1
1770602792.1642587,BIT,1
1770602792.1642587,BIT,0
1770602792.1642587,BIT,1
1770602792.476656,BIT,0
1770602792.476656,BIT,1
1770602792.476656,BIT,0
1770602792.476656,BIT,1
1770602792.476656,BIT,1
1770602792.476656,BIT,0
1770602792.476656,BIT,0
1770602792.476656,BIT,0
1770602792.476656,BIT,1
1770602792.476656,BIT,1
1770602792.7800715,BIT,1
1770602792.7800715,BIT,0
1770602792.7800715,BIT,1
1770602792.7800715,BIT,1
1770602792.7800715,BIT,0
1770602792.7800715,BIT,0
1770602792.7800715,BIT,0
1770602792.7800715,BIT,1
1770602792.7800715,BIT,0
1770602792.7800715,BIT,1
1770602793.011919,BIT,1
1770602793.011919,BIT,0
1770602793.011919,BIT,0
1770602793.011919,BIT,1
1770602793.011919,BIT,1
1770602793.011919,BIT,1
1770602793.011919,BIT,0
1770602793.011919,BIT,1
1770602793.011919,BIT,0
1770602793.011919,BIT,1
1770602793.2480817,BIT,1
1770602793.2480817,BIT,0
1770602793.2480817,BIT,0
1770602793.2480817,BIT,0
1770602793.2480817,BIT,0
1770602793.2480817,BIT,0
1770602793.2480817,BIT,0
1770602793.2480817,BIT,1
1770602793.2480817,BIT,1
1770602793.2480817,BIT,0
1770602793.4899485,BIT,0
1770602793.4899485,BIT,1
1770602793.4899485,BIT,1
1770602793.4899485,BIT,1
1770602793.4899485,BIT,1
1770602793.4899485,BIT,0
1770602793.4899485,BIT,0
1770602793.4899485,BIT,0
1770602793.4899485,BIT,0
1770602793.4899485,BIT,0
1770602793.738247,BIT,1
1770602793.738247,BIT,1
1770602793.738247,BIT,0
1770602793.738247,BIT,1
1770602793.738247,BIT,1
1770602793.738247,BIT,0
1770602793.738247,BIT,1
1770602793.738247,BIT,1
1770602793.738247,BIT,0
1770602793.738247,BIT,0
1770602793.9636152,BIT,0
1770602793.9636152,BIT,0
1770602793.9636152,BIT,1
1770602793.9636152,BIT,1
1770602793.9636152,BIT,0
1770602793.9636152,BIT,1
1770602793.9636152,BIT,1
1770602793.9636152,BIT,1
1770602793.9636152,BIT,0
1770602793.9636152,BIT,0
1770602794.203233,BIT,1
1770602794.203233,BIT,1
1770602794.203233,BIT,1
1770602794.203233,BIT,0
1770602794.203233,BIT,1
1770602794.203233,BIT,0
1770602794.203233,BIT,0
1770602794.203233,BIT,0
1770602794.203233,BIT,1
1770602794.203233,BIT,1
1770602794.508689,BIT,1
1770602794.508689,BIT,0
1770602794.508689,BIT,0
1770602794.508689,BIT,0
1770602794.508689,BIT,0
1770602794.508689,BIT,1
1770602794.508689,BIT,0
1770602794.508689,BIT,1
1770602794.508689,BIT,0
1770602794.508689,BIT,0
1770602794.8264263,BIT,1
1770602794.8264263,BIT,1
1770602794.8264263,BIT,1
1770602794.8264263,BIT,1
1770602794.8264263,BIT,0
1770602794.8264263,BIT,1
1770602794.8264263,BIT,0
1770602794.8264263,BIT,0
1770602794.8264263,BIT,0
1770602794.8264263,BIT,1
1770602795.1264927,BIT,0
1770602795.1264927,BIT,1
1770602795.1264927,BIT,0
1770602795.1264927,BIT,1
1770602795.1264927,BIT,1
1770602795.1264927,BIT,0
1770602795.1264927,BIT,1
1770602795.1264927,BIT,1
1770602795.1264927,BIT,1
1770602795.1264927,BIT,0
1770602795.4654026,BIT,1
1770602795.4654026,BIT,1
1770602795.4654026,BIT,1
1770602795.4654026,BIT,0
1770602795.4654026,BIT,0
1770602795.4654026,BIT,0
1770602795.4654026,BIT,0
1770602795.4654026,BIT,0
1770602795.4654026,BIT,0
1770602795.4654026,BIT,0
1770602795.8128824,BIT,1
1770602795.8128824,BIT,0
1770602795.8128824,BIT,0
1770602795.8128824,BIT,1
1770602795.8128824,BIT,1
1770602795.8128824,BIT,1
1770602795.8128824,BIT,0
1770602795.8128824,BIT,1
1770602795.8128824,BIT,0
1770602795.8128824,BIT,1
1770602796.1384256,BIT,0
1770602796.1384256,BIT,0
1770602796.1384256,BIT,1
1770602796.1384256,BIT,0
1770602796.1384256,BIT,1
1770602796.1384256,BIT,1
1770602796.1384256,BIT,0
1770602796.1384256,BIT,1
1770602796.1384256,BIT,1
1770602796.1384256,BIT,1
1770602796.4183247,BIT,0
1770602796.4183247,BIT,1
1770602796.4183247,BIT,0
1770602796.4183247,BIT,1
1770602796.4183247,BIT,0
1770602796.4183247,BIT,0
1770602796.4183247,BIT,1
1770602796.4183247,BIT,0
1770602796.4183247,BIT,1
1770602796.4183247,BIT,1
1770602796.73637,BIT,0
1770602796.73637,BIT,1
1770602796.73637,BIT,1
1770602796.73637,BIT,0
1770602796.73637,BIT,1
1770602796.73637,BIT,0
1770602796.73637,BIT,1
1770602796.73637,BIT,0
1770602796.73637,BIT,0
1770602796.73637,BIT,1
1770602797.0239046,BIT,0
1770602797.0239046,BIT,1
1770602797.0239046,BIT,1
1770602797.0239046,BIT,0
1770602797.0239046,BIT,0
1770602797.0239046,BIT,1
1770602797.0239046,BIT,1
1770602797.0239046,BIT,0
1770602797.0239046,BIT,1
1770602797.0239046,BIT,0
1770602797.2866018,BIT,0
1770602797.2866018,BIT,1
1770602797.2866018,BIT,0
1770602797.2866018,BIT,0
1770602797.2866018,BIT,1
1770602797.2866018,BIT,1
1770602797.2866018,BIT,1
1770602797.2866018,BIT,1
1770602797.2866018,BIT,0
1770602797.2866018,BIT,0
1770602797.5632465,BIT,0
1770602797.5632465,BIT,1
1770602797.5632465,BIT,0
1770602797.5632465,BIT,1
1770602797.5632465,BIT,0
1770602797.5632465,BIT,1
1770602797.5632465,BIT,1
1770602797.5632465,BIT,1
1770602797.5632465,BIT,0
1770602797.5632465,BIT,0
1770602797.7886214,BIT,1
1770602797.7886214,BIT,1
1770602797.7886214,BIT,1
1770602797.7886214,BIT,0
1770602797.7886214,BIT,1
1770602797.7886214,BIT,1
1770602797.7886214,BIT,1
1770602797.7886214,BIT,0
1770602797.7886214,BIT,0
1770602797.7886214,BIT,0
1770602798.0592344,BIT,0
1770602798.0592344,BIT,0
1770602798.0592344,BIT,0
1770602798.0592344,BIT,0
1770602798.0592344,BIT,1
1770602798.0592344,BIT,0
1770602798.0592344,BIT,1
1770602798.0592344,BIT,1
1770602798.0592344,BIT,1
1770602798.0592344,BIT,1
1770602798.3041544,BIT,0
1770602798.3041544,BIT,0
1770602798.3041544,BIT,1
1770602798.3041544,BIT,0
1770602798.3041544,BIT,0
1770602798.3041544,BIT,0
1770602798.3041544,BIT,0
1770602798.3041544,BIT,0
1770602798.3041544,BIT,1
1770602798.3041544,BIT,0
1770602798.5453737,BIT,1
1770602798.5453737,BIT,1
1770602798.5453737,BIT,0
1770602798.5453737,BIT,0
1770602798.5453737,BIT,0
1770602798.5453737,BIT,0
1770602798.5453737,BIT,0
1770602798.5453737,BIT,1
1770602798.5453737,BIT,1
1770602798.5453737,BIT,1
1770602798.7707028,BIT,0
1770602798.7707028,BIT,0
1770602798.7707028,BIT,1
1770602798.7707028,BIT,0
1770602798.7707028,BIT,0
1770602798.7707028,BIT,0
1770602798.7707028,BIT,0
1770602798.7707028,BIT,1
1770602798.7707028,BIT,0
1770602798.7707028,BIT,0
1770602798.970628,BIT,1
1770602798.970628,BIT,1
1770602798.970628,BIT,0
1770602798.970628,BIT,0
1770602798.970628,BIT,1
1770602798.970628,BIT,0
1770602798.970628,BIT,0
1770602798.970628,BIT,0
1770602798.970628,BIT,0
1770602798.970628,BIT,1
1770602799.2415628,BIT,0
1770602799.2415628,BIT,0
1770602799.2415628,BIT,0
1770602799.2415628,BIT,1
1770602799.2415628,BIT,0
1770602799.2415628,BIT,1
1770602799.2415628,BIT,1
1770602799.2415628,BIT,1
1770602799.2415628,BIT,1
1770602799.2415628,BIT,0
1770602799.49985,BIT,1
1770602799.49985,BIT,1
1770602799.49985,BIT,0
1770602799.49985,BIT,1
1770602799.49985,BIT,1
1770602799.49985,BIT,0
1770602799.49985,BIT,0
1770602799.49985,BIT,1
1770602799.49985,BIT,1
1770602799.49985,BIT,0
1770602799.70768,BIT,0
1770602799.70768,BIT,1
1770602799.70768,BIT,0
1770602799.70768,BIT,1
1770602799.70768,BIT,1
1770602799.70768,BIT,1
1770602799.70768,BIT,0
1770602799.70768,BIT,1
1770602799.70768,BIT,0
1770602799.70768,BIT,0
1770602799.9370594,BIT,1
1770602799.9370594,BIT,0
1770602799.9370594,BIT,0
1770602799.9370594,BIT,0
1770602799.9370594,BIT,0
1770602799.9370594,BIT,0
1770602799.9370594,BIT,0
1770602799.9370594,BIT,1
1770602799.9370594,BIT,0
1770602799.9370594,BIT,1
1770602800.155864,BIT,1
1770602800.155864,BIT,0
1770602800.155864,BIT,0
1770602800.155864,BIT,0
1770602800.155864,BIT,0
1770602800.155864,BIT,1
1770602800.155864,BIT,0
1770602800.155864,BIT,0
1770602800.155864,BIT,1
1770602800.155864,BIT,1
1770602800.3865652,BIT,0
1770602800.3865652,BIT,0
1770602800.3865652,BIT,0
1770602800.3865652,BIT,0
1770602800.3865652,BIT,0
1770602800.3865652,BIT,1
1770602800.3865652,BIT,0
1770602800.3865652,BIT,0
1770602800.3865652,BIT,1
1770602800.3865652,BIT,0
1770602800.6081896,BIT,1
1770602800.6081896,BIT,1
1770602800.6081896,BIT,0
1770602800.6081896,BIT,1
1770602800.6081896,BIT,1
1770602800.6081896,BIT,0
1770602800.6081896,BIT,1
1770602800.6081896,BIT,0
1770602800.6081896,BIT,0
1770602800.6081896,BIT,1
1770602800.7926807,BIT,0
1770602800.7926807,BIT,0
1770602800.7926807,BIT,1
1770602800.7926807,BIT,0
1770602800.7926807,BIT,0
1770602800.7926807,BIT,1
1770602800.7926807,BIT,0
1770602800.7926807,BIT,1
1770602800.7926807,BIT,0
1770602800.7926807,BIT,0
1770602800.985216,BIT,0
1770602800.985216,BIT,1
1770602800.985216,BIT,1
1770602800.985216,BIT,0
1770602800.985216,BIT,0
1770602800.985216,BIT,0
1770602800.985216,BIT,0
1770602800.985216,BIT,0
1770602800.985216,BIT,1
1770602800.985216,BIT,0
1770602801.1525695,BIT,1
1770602801.1525695,BIT,1
1770602801.1525695,BIT,0
1770602801.1525695,BIT,0
1770602801.1525695,BIT,0
1770602801.1525695,BIT,1
1770602801.1525695,BIT,0
1770602801.1525695,BIT,1
1770602801.1525695,BIT,1
1770602801.1525695,BIT,0
1770602801.3384407,BIT,0
1770602801.3384407,BIT,0
1770602801.3384407,BIT,0
1770602801.3384407,BIT,0
1770602801.3384407,BIT,1
1770602801.3384407,BIT,0
1770602801.3384407,BIT,1
1770602801.3384407,BIT,0
1770602801.3384407,BIT,0
1770602801.3384407,BIT,0
1770602801.5122385,BIT,1
1770602801.5122385,BIT,0
1770602801.5122385,BIT,1
1770602801.5122385,BIT,0
1770602801.5122385,BIT,0
1770602801.5122385,BIT,1
1770602801.5122385,BIT,1
1770602801.5122385,BIT,0
1770602801.5122385,BIT,0
1770602801.5122385,BIT,1
1770602801.6788905,BIT,1
1770602801.6788905,BIT,1
1770602801.6788905,BIT,0
1770602801.6788905,BIT,0
1770602801.6788905,BIT,0
1770602801.6788905,BIT,0
1770602801.6788905,BIT,1
1770602801.6788905,BIT,0
1770602801.6788905,BIT,0
1770602801.6788905,BIT,1
1770602801.8494773,BIT,1
1770602801.8494773,BIT,1
1770602801.8494773,BIT,1
1770602801.8494773,BIT,0
1770602801.8494773,BIT,1
1770602801.8494773,BIT,0
1770602801.8494773,BIT,0
1770602801.8494773,BIT,0
1770602801.8494773,BIT,1
1770602801.8494773,BIT,0
1770602802.0184813,BIT,0
1770602802.0184813,BIT,1
1770602802.0184813,BIT,1
1770602802.0184813,BIT,0
1770602802.0184813,BIT,0
1770602802.0184813,BIT,1
1770602802.0184813,BIT,1
1770602802.0184813,BIT,1
1770602802.0184813,BIT,1
1770602802.0184813,BIT,0
1770602802.1954632,BIT,0
1770602802.1954632,BIT,1
1770602802.1954632,BIT,0
1770602802.1954632,BIT,0
1770602802.1954632,BIT,0
1770602802.1954632,BIT,0
1770602802.1954632,BIT,0
1770602802.1954632,BIT,0
1770602802.1954632,BIT,0
1770602802.1954632,BIT,1
1770602802.385253,BIT,1
1770602802.385253,BIT,1
1770602802.385253,BIT,0
1770602802.385253,BIT,1
1770602802.385253,BIT,1
1770602802.385253,BIT,1
1770602802.385253,BIT,0
1770602802.385253,BIT,0
1770602802.385253,BIT,1
1770602802.385253,BIT,1
1770602802.5550544,BIT,1
1770602802.5550544,BIT,0
1770602802.5550544,BIT,0
1770602802.5550544,BIT,0
1770602802.5550544,BIT,0
1770602802.5550544,BIT,0
1770602802.5550544,BIT,1
1770602802.5550544,BIT,0
1770602802.5550544,BIT,0
1770602802.5550544,BIT,1
1770602802.7245038,BIT,0
1770602802.7245038,BIT,0
1770602802.7245038,BIT,0
1770602802.7245038,BIT,0
1770602802.7245038,BIT,1
1770602802.7245038,BIT,1
1770602802.7245038,BIT,1
1770602802.7245038,BIT,0
1770602802.7245038,BIT,0
1770602802.7245038,BIT,1
1770602802.915869,BIT,1
1770602802.915869,BIT,0
1770602802.915869,BIT,1
1770602802.915869,BIT,0
1770602802.915869,BIT,0
1770602802.915869,BIT,1
1770602802.915869,BIT,0
1770602802.915869,BIT,1
1770602802.915869,BIT,0
1770602802.915869,BIT,0
1770602803.0998855,BIT,0
1770602803.0998855,BIT,1
1770602803.0998855,BIT,0
1770602803.0998855,BIT,1
1770602803.0998855,BIT,1
1770602803.0998855,BIT,1
1770602803.0998855,BIT,0
1770602803.0998855,BIT,0
1770602803.0998855,BIT,1
1770602803.0998855,BIT,0
1770602803.3009262,BIT,0
1770602803.3009262,BIT,1
1770602803.3009262,BIT,1
1770602803.3009262,BIT,0
1770602803.3009262,BIT,1
1770602803.3009262,BIT,0
1770602803.3009262,BIT,1
1770602803.3009262,BIT,1
1770602803.3009262,BIT,0
1770602803.3009262,BIT,1
1770602803.5708082,BIT,0
1770602803.5708082,BIT,1
1770602803.5708082,BIT,1
1770602803.5708082,BIT,0
1770602803.5708082,BIT,0
1770602803.5708082,BIT,1
1770602803.5708082,BIT,1
1770602803.5708082,BIT,0
1770602803.5708082,BIT,1
1770602803.5708082,BIT,1
1770602803.808871,BIT,0
1770602803.808871,BIT,1
1770602803.808871,BIT,0
1770602803.808871,BIT,0
1770602803.808871,BIT,1
1770602803.808871,BIT,1
1770602803.808871,BIT,1
1770602803.808871,BIT,1
1770602803.808871,BIT,0
1770602803.808871,BIT,1
1770602804.1046069,BIT,0
1770602804.1046069,BIT,1
1770602804.1046069,BIT,0
1770602804.1046069,BIT,0
1770602804.1046069,BIT,0
1770602804.1046069,BIT,1
1770602804.1046069,BIT,0
1770602804.1046069,BIT,1
1770602804.1046069,BIT,1
1770602804.1046069,BIT,0
1770602804.3882113,BIT,0
1770602804.3882113,BIT,1
1770602804.3882113,BIT,1
1770602804.3882113,BIT,0
1770602804.3882113,BIT,1
1770602804.3882113,BIT,1
1770602804.3882113,BIT,1
1770602804.3882113,BIT,0
1770602804.3882113,BIT,1
1770602804.3882113,BIT,0
1770602804.7355294,BIT,1
1770602804.7355294,BIT,0
1770602804.7355294,BIT,0
1770602804.7355294,BIT,0
1770602804.7355294,BIT,0
1770602804.7355294,BIT,0
1770602804.7355294,BIT,1
1770602804.7355294,BIT,0
1770602804.7355294,BIT,1
1770602804.7355294,BIT,1
1770602805.0579178,BIT,1
1770602805.0579178,BIT,0
1770602805.0579178,BIT,0
1770602805.0579178,BIT,1
1770602805.0579178,BIT,1
1770602805.0579178,BIT,1
1770602805.0579178,BIT,1
1770602805.0579178,BIT,1
1770602805.0579178,BIT,0
1770602805.0579178,BIT,0
1770602805.3113086,BIT,1
1770602805.3113086,BIT,0
1770602805.3113086,BIT,1
1770602805.3113086,BIT,1
1770602805.3113086,BIT,0
1770602805.3113086,BIT,0
1770602805.3113086,BIT,0
1770602805.3113086,BIT,0
1770602805.3113086,BIT,0
1770602805.3113086,BIT,0
1770602805.5504663,BIT,0
1770602805.5504663,BIT,1
1770602805.5504663,BIT,1
1770602805.5504663,BIT,1
1770602805.5504663,BIT,0
1770602805.5504663,BIT,1
1770602805.5504663,BIT,1
1770602805.5504663,BIT,1
1770602805.5504663,BIT,1
1770602805.5504663,BIT,1
1770602805.7883353,BIT,1
1770602805.7883353,BIT,0
1770602805.7883353,BIT,1
1770602805.7883353,BIT,0
1770602805.7883353,BIT,0
1770602805.7883353,BIT,1
1770602805.7883353,BIT,1
1770602805.7883353,BIT,1
1770602805.7883353,BIT,0
1770602805.7883353,BIT,0
1770602806.02275,BIT,1
1770602806.02275,BIT,1
1770602806.02275,BIT,1
1770602806.02275,BIT,0
1770602806.02275,BIT,0
1770602806.02275,BIT,1
1770602806.02275,BIT,0
1770602806.02275,BIT,1
1770602806.02275,BIT,1
1770602806.02275,BIT,1
1770602806.3072245,BIT,1
1770602806.3072245,BIT,1
1770602806.3072245,BIT,1
1770602806.3072245,BIT,1
1770602806.3072245,BIT,1
1770602806.3072245,BIT,1
1770602806.3072245,BIT,1
1770602806.3072245,BIT,0
1770602806.3072245,BIT,0
1770602806.3072245,BIT,0
1770602806.5821328,BIT,1
1770602806.5821328,BIT,1
1770602806.5821328,BIT,0
1770602806.5821328,BIT,1
1770602806.5821328,BIT,0
1770602806.5821328,BIT,0
1770602806.5821328,BIT,1
1770602806.5821328,BIT,0
1770602806.5821328,BIT,0
1770602806.5821328,BIT,0
1770602806.8196557,BIT,1
1770602806.8196557,BIT,0
1770602806.8196557,BIT,0
1770602806.8196557,BIT,1
1770602806.8196557,BIT,1
1770602806.8196557,BIT,0
1770602806.8196557,BIT,0
1770602806.8196557,BIT,1
1770602806.8196557,BIT,0
1770602806.8196557,BIT,0
1770602807.0231128,BIT,1
1770602807.0231128,BIT,1
1770602807.0231128,BIT,1
1770602807.0231128,BIT,1
1770602807.0231128,BIT,0
1770602807.0231128,BIT,1
1770602807.0231128,BIT,0
1770602807.0231128,BIT,1
1770602807.0231128,BIT,1
1770602807.0231128,BIT,1
1770602807.2210002,BIT,0
1770602807.2210002,BIT,0
1770602807.2210002,BIT,1
1770602807.2210002,BIT,1
1770602807.2210002,BIT,1
1770602807.2210002,BIT,0
1770602807.2210002,BIT,1
1770602807.2210002,BIT,1
1770602807.2210002,BIT,1
1770602807.2210002,BIT,0
1770602807.4163084,BIT,1
1770602807.4163084,BIT,1
1770602807.4163084,BIT,1
1770602807.4163084,BIT,0
1770602807.4163084,BIT,1
1770602807.4163084,BIT,1
1770602807.4163084,BIT,0
1770602807.4163084,BIT,1
1770602807.4163084,BIT,1
1770602807.4163084,BIT,1
1770602807.623434,BIT,1
1770602807.623434,BIT,1
1770602807.623434,BIT,1
1770602807.623434,BIT,1
1770602807.623434,BIT,1
1770602807.623434,BIT,0
1770602807.623434,BIT,1
1770602807.623434,BIT,1
1770602807.623434,BIT,0
1770602807.623434,BIT,0
1770602807.8202147,BIT,1
1770602807.8202147,BIT,1
1770602807.8202147,BIT,0
1770602807.8202147,BIT,1
1770602807.8202147,BIT,1
1770602807.8202147,BIT,0
1770602807.8202147,BIT,0
1770602807.8202147,BIT,1
1770602807.8202147,BIT,0
1770602807.8202147,BIT,1
1770602808.004445,BIT,0
1770602808.004445,BIT,0
1770602808.004445,BIT,0
1770602808.004445,BIT,1
1770602808.004445,BIT,1
1770602808.004445,BIT,1
1770602808.004445,BIT,0
1770602808.004445,BIT,1
1770602808.004445,BIT,1
1770602808.004445,BIT,0
1770602808.1800394,BIT,0
1770602808.1800394,BIT,1
1770602808.1800394,BIT,1
1770602808.1800394,BIT,0
1770602808.1800394,BIT,0
1770602808.1800394,BIT,0
1770602808.1800394,BIT,1
1770602808.1800394,BIT,1
1770602808.1800394,BIT,0
1770602808.1800394,BIT,0
1770602808.4576414,BIT,0
1770602808.4576414,BIT,0
1770602808.4576414,BIT,1
1770602808.4576414,BIT,0
1770602808.4576414,BIT,1
1770602808.4576414,BIT,0
1770602808.4576414,BIT,0
1770602808.4576414,BIT,1
1770602808.4576414,BIT,0
1770602808.4576414,BIT,1
1770602808.6367185,BIT,0
1770602808.6367185,BIT,1
1770602808.6367185,BIT,0
1770602808.6367185,BIT,1
1770602808.6367185,BIT,0
1770602808.6367185,BIT,1
1770602808.6367185,BIT,0
1770602808.6367185,BIT,0
1770602808.6367185,BIT,0
1770602808.6367185,BIT,0
1770602808.8179533,BIT,0
1770602808.8179533,BIT,1
1770602808.8179533,BIT,1
1770602808.8179533,BIT,1
1770602808.8179533,BIT,0
1770602808.8179533,BIT,0
1770602808.8179533,BIT,0
1770602808.8179533,BIT,1
1770602808.8179533,BIT,0
1770602808.8179533,BIT,1
1770602809.012746,BIT,0
1770602809.012746,BIT,0
1770602809.012746,BIT,1
1770602809.012746,BIT,1
1770602809.012746,BIT,1
1770602809.012746,BIT,0
1770602809.012746,BIT,0
1770602809.012746,BIT,1
1770602809.012746,BIT,0
1770602809.012746,BIT,1
1770602809.1926851,BIT,1
1770602809.1926851,BIT,0
1770602809.1926851,BIT,0
1770602809.1926851,BIT,1
1770602809.1926851,BIT,1
1770602809.1926851,BIT,1
1770602809.1926851,BIT,0
1770602809.1926851,BIT,0
1770602809.1926851,BIT,1
1770602809.1926851,BIT,0
1770602809.3914316,BIT,1
1770602809.3914316,BIT,1
1770602809.3914316,BIT,0
1770602809.3914316,BIT,1
1770602809.3914316,BIT,0
1770602809.3914316,BIT,1
1770602809.3914316,BIT,1
1770602809.3914316,BIT,0
1770602809.3914316,BIT,1
1770602809.3914316,BIT,0
1770602809.5755913,BIT,0
1770602809.5755913,BIT,0
1770602809.5755913,BIT,1
1770602809.5755913,BIT,0
1770602809.5755913,BIT,0
1770602809.5755913,BIT,1
1770602809.5755913,BIT,1
1770602809.5755913,BIT,1
1770602809.5755913,BIT,1
1770602809.5755913,BIT,1
1770602809.7841997,BIT,0
1770602809.7841997,BIT,1
1770602809.7841997,BIT,1
1770602809.7841997,BIT,1
1770602809.7841997,BIT,0
1770602809.7841997,BIT,1
1770602809.7841997,BIT,0
1770602809.7841997,BIT,1
1770602809.7841997,BIT,1
1770602809.7841997,BIT,1
1770602810.060891,BIT,0
1770602810.060891,BIT,0
1770602810.060891,BIT,1
1770602810.060891,BIT,1
1770602810.060891,BIT,1
1770602810.060891,BIT,1
1770602810.060891,BIT,1
1770602810.060891,BIT,0
1770602810.060891,BIT,0
1770602810.060891,BIT,1
1770602810.3155513,BIT,1
1770602810.3155513,BIT,1
1770602810.3155513,BIT,1
1770602810.3155513,BIT,0
1770602810.3155513,BIT,1
1770602810.3155513,BIT,1
1770602810.3155513,BIT,0
1770602810.3155513,BIT,1
1770602810.3155513,BIT,1
1770602810.3155513,BIT,1
1770602810.6024868,BIT,1
1770602810.6024868,BIT,0
1770602810.6024868,BIT,1
1770602810.6024868,BIT,1
1770602810.6024868,BIT,0
1770602810.6024868,BIT,1
1770602810.6024868,BIT,1
1770602810.6024868,BIT,1
1770602810.6024868,BIT,0
1770602810.6024868,BIT,0
1770602810.9017992,BIT,0
1770602810.9017992,BIT,1
1770602810.9017992,BIT,1
1770602810.9017992,BIT,0
1770602810.9017992,BIT,1
1770602810.9017992,BIT,1
1770602810.9017992,BIT,1
1770602810.9017992,BIT,1
1770602810.9017992,BIT,1
1770602810.9017992,BIT,1
1770602811.1540658,BIT,1
1770602811.1540658,BIT,0
1770602811.1540658,BIT,1
1770602811.1540658,BIT,0
1770602811.1540658,BIT,0
1770602811.1540658,BIT,1
1770602811.1540658,BIT,0
1770602811.1540658,BIT,1
1770602811.1540658,BIT,0
1770602811.1540658,BIT,0
1770602811.3636916,BIT,1
1770602811.3636916,BIT,0
1770602811.3636916,BIT,1
1770602811.3636916,BIT,0
1770602811.3636916,BIT,1
1770602811.3636916,BIT,0
1770602811.3636916,BIT,1
1770602811.3636916,BIT,1
1770602811.3636916,BIT,1
1770602811.3636916,BIT,1
1770602811.577241,BIT,0
1770602811.577241,BIT,1
1770602811.577241,BIT,0
1770602811.577241,BIT,1
1770602811.577241,BIT,0
1770602811.577241,BIT,0
1770602811.577241,BIT,1
1770602811.577241,BIT,0
1770602811.577241,BIT,0
1770602811.577241,BIT,0
1770602811.7869203,BIT,1
1770602811.7869203,BIT,1
1770602811.7869203,BIT,1
1770602811.7869203,BIT,1
1770602811.7869203,BIT,0
1770602811.7869203,BIT,0
1770602811.7869203,BIT,1
1770602811.7869203,BIT,0
1770602811.7869203,BIT,0
1770602811.7869203,BIT,0
1770602812.0753284,BIT,0
1770602812.0753284,BIT,0
1770602812.0753284,BIT,1
1770602812.0753284,BIT,0
1770602812.0753284,BIT,0
1770602812.0753284,BIT,1
1770602812.0753284,BIT,0
1770602812.0753284,BIT,1
1770602812.0753284,BIT,0
1770602812.0753284,BIT,0
1770602812.3406994,BIT,1
1770602812.3406994,BIT,1
1770602812.3406994,BIT,0
1770602812.3406994,BIT,0
1770602812.3406994,BIT,1
1770602812.3406994,BIT,1
1770602812.3406994,BIT,1
1770602812.3406994,BIT,1
1770602812.3406994,BIT,0
1770602812.3406994,BIT,0
1770602812.5832448,BIT,0
1770602812.5832448,BIT,0
1770602812.5832448,BIT,0
1770602812.5832448,BIT,1
1770602812.5832448,BIT,1
1770602812.5832448,BIT,0
1770602812.5832448,BIT,1
1770602812.5832448,BIT,0
1770602812.5832448,BIT,1
1770602812.5832448,BIT,1
1770602812.806124,BIT,0
1770602812.806124,BIT,0
1770602812.806124,BIT,1
1770602812.806124,BIT,1
1770602812.806124,BIT,1
1770602812.806124,BIT,1
1770602812.806124,BIT,1
1770602812.806124,BIT,1
1770602812.806124,BIT,1
1770602812.806124,BIT,0
1770602813.0132606,BIT,1
1770602813.0132606,BIT,0
1770602813.0132606,BIT,0
1770602813.0132606,BIT,0
1770602813.0132606,BIT,1
1770602813.0132606,BIT,1
1770602813.0132606,BIT,1
1770602813.0132606,BIT,0
1770602813.0132606,BIT,0
1770602813.0132606,BIT,1
1770602813.1903996,BIT,1
1770602813.1903996,BIT,0
1770602813.1903996,BIT,0
1770602813.1903996,BIT,0
1770602813.1903996,BIT,1
1770602813.1903996,BIT,1
1770602813.1903996,BIT,0
1770602813.1903996,BIT,0
1770602813.1903996,BIT,0
1770602813.1903996,BIT,0
1770602813.3712883,BIT,1
1770602813.3712883,BIT,0
1770602813.3712883,BIT,0
1770602813.3712883,BIT,1
1770602813.3712883,BIT,0
1770602813.3712883,BIT,1
1770602813.3712883,BIT,0
1770602813.3712883,BIT,1
1770602813.3712883,BIT,0
1770602813.3712883,BIT,0
1770602813.5536022,BIT,1
1770602813.5536022,BIT,0
1770602813.5536022,BIT,1
1770602813.5536022,BIT,0
1770602813.5536022,BIT,0
1770602813.5536022,BIT,0
1770602813.5536022,BIT,1
1770602813.5536022,BIT,0
1770602813.5536022,BIT,1
1770602813.5536022,BIT,0
1770602813.729811,BIT,0
1770602813.729811,BIT,0
1770602813.729811,BIT,0
1770602813.729811,BIT,1
1770602813.729811,BIT,0
1770602813.729811,BIT,0
1770602813.729811,BIT,0
1770602813.729811,BIT,1
1770602813.729811,BIT,1
1770602813.729811,BIT,0
1770602813.9388316,BIT,0
1770602813.9388316,BIT,0
1770602813.9388316,BIT,0
1770602813.9388316,BIT,0
1770602813.9388316,BIT,1
1770602813.9388316,BIT,1
1770602813.9388316,BIT,0
1770602813.9388316,BIT,0
1770602813.9388316,BIT,0
1770602813.9388316,BIT,1
1770602814.1198783,BIT,1
1770602814.1198783,BIT,0
1770602814.1198783,BIT,0
1770602814.1198783,BIT,1
1770602814.1198783,BIT,0
1770602814.1198783,BIT,0
1770602814.1198783,BIT,0
1770602814.1198783,BIT,1
1770602814.1198783,BIT,0
1770602814.1198783,BIT,1
1770602814.2858412,BIT,1
1770602814.2858412,BIT,0
1770602814.2858412,BIT,0
1770602814.2858412,BIT,0
1770602814.2858412,BIT,0
1770602814.2858412,BIT,1
1770602814.2858412,BIT,0
1770602814.2858412,BIT,1
1770602814.2858412,BIT,0
1770602814.2858412,BIT,1
1770602814.504549,BIT,1
1770602814.504549,BIT,0
1770602814.504549,BIT,1
1770602814.504549,BIT,0
1770602814.504549,BIT,0
1770602814.504549,BIT,0
1770602814.504549,BIT,0
1770602814.504549,BIT,1
1770602814.504549,BIT,1
1770602814.504549,BIT,1
1770602814.712409,BIT,0
1770602814.712409,BIT,0
1770602814.712409,BIT,0
1770602814.712409,BIT,1
1770602814.712409,BIT,0
1770602814.712409,BIT,1
1770602814.712409,BIT,1
1770602814.712409,BIT,1
1770602814.712409,BIT,1
1770602814.712409,BIT,1
1770602814.9207904,BIT,1
1770602814.9207904,BIT,1
1770602814.9207904,BIT,1
1770602814.9207904,BIT,0
1770602814.9207904,BIT,1
1770602814.9207904,BIT,1
1770602814.9207904,BIT,1
1770602814.9207904,BIT,1
1770602814.9207904,BIT,1
1770602814.9207904,BIT,0
1770602815.0996933,BIT,1
1770602815.0996933,BIT,0
1770602815.0996933,BIT,1
1770602815.0996933,BIT,0
1770602815.0996933,BIT,1
1770602815.0996933,BIT,0
1770602815.0996933,BIT,0
1770602815.0996933,BIT,1
1770602815.0996933,BIT,1
1770602815.0996933,BIT,0
1770602815.2743604,BIT,1
1770602815.2743604,BIT,1
1770602815.2743604,BIT,0
1770602815.2743604,BIT,0
1770602815.2743604,BIT,0
1770602815.2743604,BIT,1
1770602815.2743604,BIT,1
1770602815.2743604,BIT,0
1770602815.2743604,BIT,0
1770602815.2743604,BIT,0
1770602815.4541142,BIT,0
1770602815.4541142,BIT,1
1770602815.4541142,BIT,0
1770602815.4541142,BIT,1
1770602815.4541142,BIT,0
1770602815.4541142,BIT,0
1770602815.4541142,BIT,0
1770602815.4541142,BIT,1
1770602815.4541142,BIT,0
1770602815.4541142,BIT,1
1770602815.6332853,BIT,1
1770602815.6332853,BIT,1
1770602815.6332853,BIT,0
1770602815.6332853,BIT,1
1770602815.6332853,BIT,0
1770602815.6332853,BIT,1
1770602815.6332853,BIT,1
1770602815.6332853,BIT,0
1770602815.6332853,BIT,1
1770602815.6332853,BIT,1
1770602815.8086574,BIT,1
1770602815.8086574,BIT,0
1770602815.8086574,BIT,1
1770602815.8086574,BIT,1
1770602815.8086574,BIT,1
1770602815.8086574,BIT,1
1770602815.8086574,BIT,1
1770602815.8086574,BIT,0
1770602815.8086574,BIT,1
1770602815.8086574,BIT,0
1770602815.9825058,BIT,0
1770602815.9825058,BIT,1
1770602815.9825058,BIT,1
1770602815.9825058,BIT,1
1770602815.9825058,BIT,0
1770602815.9825058,BIT,1
1770602815.9825058,BIT,0
1770602815.9825058,BIT,0
1770602815.9825058,BIT,1
1770602815.9825058,BIT,0
1770602816.1634057,BIT,0
1770602816.1634057,BIT,0
1770602816.1634057,BIT,1
1770602816.1634057,BIT,1
1770602816.1634057,BIT,1
1770602816.1634057,BIT,0
1770602816.1634057,BIT,0
1770602816.1634057,BIT,1
1770602816.1634057,BIT,1
1770602816.1634057,BIT,1
1770602816.3402755,BIT,1
1770602816.3402755,BIT,0
1770602816.3402755,BIT,1
1770602816.3402755,BIT,0
1770602816.3402755,BIT,0
1770602816.3402755,BIT,1
1770602816.3402755,BIT,0
1770602816.3402755,BIT,1
1770602816.3402755,BIT,0
1770602816.3402755,BIT,1
1770602816.5306432,BIT,0
1770602816.5306432,BIT,0
1770602816.5306432,BIT,0
1770602816.5306432,BIT,0
1770602816.5306432,BIT,0
1770602816.5306432,BIT,1
1770602816.5306432,BIT,1
1770602816.5306432,BIT,0
1770602816.5306432,BIT,0
1770602816.5306432,BIT,1
1770602816.7563055,BIT,0
1770602816.7563055,BIT,0
1770602816.7563055,BIT,0
1770602816.7563055,BIT,0
1770602816.7563055,BIT,1
1770602816.7563055,BIT,1
1770602816.7563055,BIT,0
1770602816.7563055,BIT,0
1770602816.7563055,BIT,0
1770602816.7563055,BIT,1
1770602816.9530294,BIT,1
1770602816.9530294,BIT,1
1770602816.9530294,BIT,1
1770602816.9530294,BIT,0
1770602816.9530294,BIT,0
1770602816.9530294,BIT,0
1770602816.9530294,BIT,0
1770602816.9530294,BIT,0
1770602816.9530294,BIT,0
1770602816.9530294,BIT,0
1770602817.1336787,BIT,1
1770602817.1336787,BIT,0
1770602817.1336787,BIT,1
1770602817.1336787,BIT,1
1770602817.1336787,BIT,0
1770602817.1336787,BIT,1
1770602817.1336787,BIT,1
1770602817.1336787,BIT,0
1770602817.1336787,BIT,1
1770602817.1336787,BIT,1
1770602817.308551,BIT,1
1770602817.308551,BIT,0
1770602817.308551,BIT,1
1770602817.308551,BIT,0
1770602817.308551,BIT,1
1770602817.308551,BIT,0
1770602817.308551,BIT,1
1770602817.308551,BIT,1
1770602817.308551,BIT,1
1770602817.308551,BIT,1
1770602817.481632,BIT,1
1770602817.481632,BIT,0
1770602817.481632,BIT,1
1770602817.481632,BIT,1
1770602817.481632,BIT,1
1770602817.481632,BIT,1
1770602817.481632,BIT,1
1770602817.481632,BIT,1
1770602817.481632,BIT,1
1770602817.481632,BIT,0
1770602817.6558433,BIT,0
1770602817.6558433,BIT,0
1770602817.6558433,BIT,0
1770602817.6558433,BIT,1
1770602817.6558433,BIT,1
1770602817.6558433,BIT,0
1770602817.6558433,BIT,1
1770602817.6558433,BIT,0
1770602817.6558433,BIT,1
1770602817.6558433,BIT,0
1770602817.831127,BIT,0
1770602817.831127,BIT,0
1770602817.831127,BIT,1
1770602817.831127,BIT,1
1770602817.831127,BIT,1
1770602817.831127,BIT,0
1770602817.831127,BIT,1
1770602817.831127,BIT,1
1770602817.831127,BIT,1
1770602817.831127,BIT,1
1770602818.014214,BIT,1
1770602818.014214,BIT,1
1770602818.014214,BIT,0
1770602818.014214,BIT,1
1770602818.014214,BIT,0
1770602818.014214,BIT,1
1770602818.014214,BIT,0
1770602818.014214,BIT,1
1770602818.014214,BIT,1
1770602818.014214,BIT,1
1770602818.181913,BIT,1
1770602818.181913,BIT,1
1770602818.181913,BIT,1
1770602818.181913,BIT,1
1770602818.181913,BIT,0
1770602818.181913,BIT,1
1770602818.181913,BIT,0
1770602818.181913,BIT,0
1770602818.181913,BIT,0
1770602818.181913,BIT,1
1770602818.3535767,BIT,0
1770602818.3535767,BIT,1
1770602818.3535767,BIT,0
1770602818.3535767,BIT,1
1770602818.3535767,BIT,1
1770602818.3535767,BIT,1
1770602818.3535767,BIT,0
1770602818.3535767,BIT,1
1770602818.3535767,BIT,0
1770602818.3535767,BIT,1
1770602818.529579,BIT,0
1770602818.529579,BIT,0
1770602818.529579,BIT,1
1770602818.529579,BIT,0
1770602818.529579,BIT,0
1770602818.529579,BIT,1
1770602818.529579,BIT,1
1770602818.529579,BIT,1
1770602818.529579,BIT,0
1770602818.529579,BIT,0
1770602818.7182617,BIT,1
1770602818.7182617,BIT,0
1770602818.7182617,BIT,0
1770602818.7182617,BIT,1
1770602818.7182617,BIT,0
1770602818.7182617,BIT,1
1770602818.7182617,BIT,0
1770602818.7182617,BIT,0
1770602818.7182617,BIT,1
1770602818.7182617,BIT,1
1770602818.8986297,BIT,0
1770602818.8986297,BIT,0
1770602818.8986297,BIT,1
1770602818.8986297,BIT,1
1770602818.8986297,BIT,0
1770602818.8986297,BIT,1
1770602818.8986297,BIT,0
1770602818.8986297,BIT,1
1770602818.8986297,BIT,1
1770602818.8986297,BIT,0
1770602819.0760863,BIT,0
1770602819.0760863,BIT,1
1770602819.0760863,BIT,1
1770602819.0760863,BIT,0
1770602819.0760863,BIT,0
1770602819.0760863,BIT,0
1770602819.0760863,BIT,1
1770602819.0760863,BIT,0
1770602819.0760863,BIT,1
1770602819.0760863,BIT,0
1770602819.2474532,BIT,0
1770602819.2474532,BIT,1
1770602819.2474532,BIT,0
1770602819.2474532,BIT,0
1770602819.2474532,BIT,1
1770602819.2474532,BIT,1
1770602819.2474532,BIT,1
1770602819.2474532,BIT,0
1770602819.2474532,BIT,0
1770602819.2474532,BIT,0
1770602819.4356399,BIT,1
1770602819.4356399,BIT,0
1770602819.4356399,BIT,0
1770602819.4356399,BIT,0
1770602819.4356399,BIT,0
1770602819.4356399,BIT,0
1770602819.4356399,BIT,0
1770602819.4356399,BIT,1
1770602819.4356399,BIT,0
1770602819.4356399,BIT,1
1770602819.6232536,BIT,1
1770602819.6232536,BIT,0
1770602819.6232536,BIT,0
1770602819.6232536,BIT,0
1770602819.6232536,BIT,1
1770602819.6232536,BIT,1
1770602819.6232536,BIT,1
1770602819.6232536,BIT,1
1770602819.6232536,BIT,1
1770602819.6232536,BIT,0
1770602819.802925,BIT,1
1770602819.802925,BIT,0
1770602819.802925,BIT,0
1770602819.802925,BIT,0
1770602819.802925,BIT,1
1770602819.802925,BIT,1
1770602819.802925,BIT,0
1770602819.802925,BIT,1
1770602819.802925,BIT,1
1770602819.802925,BIT,0
1770602819.9810407,BIT,0
1770602819.9810407,BIT,0
1770602819.9810407,BIT,1
1770602819.9810407,BIT,1
1770602819.9810407,BIT,1
1770602819.9810407,BIT,0
1770602819.9810407,BIT,1
1770602819.9810407,BIT,0
1770602819.9810407,BIT,0
1770602819.9810407,BIT,0
1770602820.1649795,BIT,0
1770602820.1649795,BIT,0
1770602820.1649795,BIT,0
1770602820.1649795,BIT,0
1770602820.1649795,BIT,0
1770602820.1649795,BIT,1
1770602820.1649795,BIT,1
1770602820.1649795,BIT,1
1770602820.1649795,BIT,1
1770602820.1649795,BIT,1
1770602820.3351169,BIT,1
1770602820.3351169,BIT,0
1770602820.3351169,BIT,1
1770602820.3351169,BIT,1
1770602820.3351169,BIT,0
1770602820.3351169,BIT,0
1770602820.3351169,BIT,1
1770602820.3351169,BIT,0
1770602820.3351169,BIT,1
1770602820.3351169,BIT,1
1770602820.5228658,BIT,1
1770602820.5228658,BIT,1
1770602820.5228658,BIT,0
1770602820.5228658,BIT,1
1770602820.5228658,BIT,0
1770602820.5228658,BIT,0
1770602820.5228658,BIT,0
1770602820.5228658,BIT,1
1770602820.5228658,BIT,1
1770602820.5228658,BIT,0
1770602820.7079616,BIT,1
1770602820.7079616,BIT,0
1770602820.7079616,BIT,0
1770602820.7079616,BIT,1
1770602820.7079616,BIT,1
1770602820.7079616,BIT,0
1770602820.7079616,BIT,1
1770602820.7079616,BIT,0
1770602820.7079616,BIT,0
1770602820.7079616,BIT,1
1770602820.9343035,BIT,0
1770602820.9343035,BIT,0
1770602820.9343035,BIT,1
1770602820.9343035,BIT,0
1770602820.9343035,BIT,1
1770602820.9343035,BIT,0
1770602820.9343035,BIT,1
1770602820.9343035,BIT,0
1770602820.9343035,BIT,0
1770602820.9343035,BIT,1
1770602821.1966121,BIT,1
1770602821.1966121,BIT,1
1770602821.1966121,BIT,1
1770602821.1966121,BIT,1
1770602821.1966121,BIT,0
1770602821.1966121,BIT,0
1770602821.1966121,BIT,0
1770602821.1966121,BIT,1
1770602821.1966121,BIT,0
1770602821.1966121,BIT,0
1770602821.4444447,BIT,0
1770602821.4444447,BIT,1
1770602821.4444447,BIT,0
1770602821.4444447,BIT,0
1770602821.4444447,BIT,1
1770602821.4444447,BIT,1
1770602821.4444447,BIT,1
1770602821.4444447,BIT,1
1770602821.4444447,BIT,1
1770602821.4444447,BIT,0
1770602821.6918418,BIT,0
1770602821.6918418,BIT,1
1770602821.6918418,BIT,0
1770602821.6918418,BIT,1
1770602821.6918418,BIT,0
1770602821.6918418,BIT,0
1770602821.6918418,BIT,1
1770602821.6918418,BIT,0
1770602821.6918418,BIT,0
1770602821.6918418,BIT,1
1770602821.9477353,BIT,0
1770602821.9477353,BIT,0
1770602821.9477353,BIT,0
1770602821.9477353,BIT,1
1770602821.9477353,BIT,1
1770602821.9477353,BIT,1
1770602821.9477353,BIT,0
1770602821.9477353,BIT,1
1770602821.9477353,BIT,1
1770602821.9477353,BIT,1
1770602822.2028396,BIT,1
1770602822.2028396,BIT,1
1770602822.2028396,BIT,0
1770602822.2028396,BIT,1
1770602822.2028396,BIT,1
1770602822.2028396,BIT,1
1770602822.2028396,BIT,1
1770602822.2028396,BIT,0
1770602822.2028396,BIT,0
1770602822.2028396,BIT,0
1770602822.4141796,BIT,0
1770602822.4141796,BIT,1
1770602822.4141796,BIT,1
1770602822.4141796,BIT,0
1770602822.4141796,BIT,0
1770602822.4141796,BIT,0
1770602822.4141796,BIT,1
1770602822.4141796,BIT,1
1770602822.4141796,BIT,1
1770602822.4141796,BIT,0
1770602822.6741827,BIT,0
1770602822.6741827,BIT,0
1770602822.6741827,BIT,1
1770602822.6741827,BIT,0
1770602822.6741827,BIT,1
1770602822.6741827,BIT,0
1770602822.6741827,BIT,0
1770602822.6741827,BIT,1
1770602822.6741827,BIT,0
1770602822.6741827,BIT,0
1770602822.9294732,BIT,1
1770602822.9294732,BIT,0
1770602822.9294732,BIT,0
1770602822.9294732,BIT,1
1770602822.9294732,BIT,1
1770602822.9294732,BIT,1
1770602822.9294732,BIT,0
1770602822.9294732,BIT,0
1770602822.9294732,BIT,1
1770602822.9294732,BIT,0
1770602823.1721182,BIT,1
1770602823.1721182,BIT,1
1770602823.1721182,BIT,0
1770602823.1721182,BIT,1
1770602823.1721182,BIT,0
1770602823.1721182,BIT,0
1770602823.1721182,BIT,0
1770602823.1721182,BIT,0
1770602823.1721182,BIT,1
1770602823.1721182,BIT,1
1770602823.4192145,BIT,0
1770602823.4192145,BIT,0
1770602823.4192145,BIT,0
1770602823.4192145,BIT,1
1770602823.4192145,BIT,1
1770602823.4192145,BIT,0
1770602823.4192145,BIT,0
1770602823.4192145,BIT,0
1770602823.4192145,BIT,0
1770602823.4192145,BIT,1
1770602823.7088451,BIT,1
1770602823.7088451,BIT,0
1770602823.7088451,BIT,0
1770602823.7088451,BIT,1
1770602823.7088451,BIT,0
1770602823.7088451,BIT,0
1770602823.7088451,BIT,1
1770602823.7088451,BIT,0
1770602823.7088451,BIT,0
1770602823.7088451,BIT,1
1770602823.9217236,BIT,0
1770602823.9217236,BIT,0
1770602823.9217236,BIT,0
1770602823.9217236,BIT,1
1770602823.9217236,BIT,0
1770602823.9217236,BIT,0
1770602823.9217236,BIT,0
1770602823.9217236,BIT,0
1770602823.9217236,BIT,0
1770602823.9217236,BIT,0
1770602824.1288202,BIT,1
1770602824.1288202,BIT,1
1770602824.1288202,BIT,0
1770602824.1288202,BIT,1
1770602824.1288202,BIT,1
1770602824.1288202,BIT,0
1770602824.1288202,BIT,1
1770602824.1288202,BIT,1
1770602824.1288202,BIT,0
1770602824.1288202,BIT,0
1770602824.305542,BIT,0
1770602824.305542,BIT,1
1770602824.305542,BIT,1
1770602824.305542,BIT,0
1770602824.305542,BIT,1
1770602824.305542,BIT,0
1770602824.305542,BIT,0
1770602824.305542,BIT,1
1770602824.305542,BIT,1
1770602824.305542,BIT,1
1770602824.4862626,BIT,1
1770602824.4862626,BIT,1
1770602824.4862626,BIT,0
1770602824.4862626,BIT,0
1770602824.4862626,BIT,0
1770602824.4862626,BIT,0
1770602824.4862626,BIT,0
1770602824.4862626,BIT,0
1770602824.4862626,BIT,1
1770602824.4862626,BIT,1
1770602824.6806161,BIT,1
1770602824.6806161,BIT,0
1770602824.6806161,BIT,1
1770602824.6806161,BIT,0
1770602824.6806161,BIT,1
1770602824.6806161,BIT,0
1770602824.6806161,BIT,0
1770602824.6806161,BIT,0
1770602824.6806161,BIT,0
1770602824.6806161,BIT,0
1770602824.8607483,BIT,1
1770602824.8607483,BIT,1
1770602824.8607483,BIT,1
1770602824.8607483,BIT,1
1770602824.8607483,BIT,0
1770602824.8607483,BIT,0
1770602824.8607483,BIT,0
1770602824.8607483,BIT,1
1770602824.8607483,BIT,0
1770602824.8607483,BIT,0
1770602825.0425217,BIT,1
1770602825.0425217,BIT,0
1770602825.0425217,BIT,1
1770602825.0425217,BIT,0
1770602825.0425217,BIT,1
1770602825.0425217,BIT,1
1770602825.0425217,BIT,0
1770602825.0425217,BIT,0
1770602825.0425217,BIT,0
1770602825.0425217,BIT,1
1770602825.2074783,BIT,0
1770602825.2074783,BIT,1
1770602825.2074783,BIT,0
1770602825.2074783,BIT,0
1770602825.2074783,BIT,1
1770602825.2074783,BIT,0
1770602825.2074783,BIT,1
1770602825.2074783,BIT,0
1770602825.2074783,BIT,0
1770602825.2074783,BIT,0
1770602825.3957894,BIT,0
1770602825.3957894,BIT,0
1770602825.3957894,BIT,1
1770602825.3957894,BIT,0
1770602825.3957894,BIT,0
1770602825.3957894,BIT,0
1770602825.3957894,BIT,1
1770602825.3957894,BIT,1
1770602825.3957894,BIT,0
1770602825.3957894,BIT,0
1770602825.5832953,BIT,1
1770602825.5832953,BIT,0
1770602825.5832953,BIT,0
1770602825.5832953,BIT,0
1770602825.5832953,BIT,0
1770602825.5832953,BIT,1
1770602825.5832953,BIT,1
1770602825.5832953,BIT,1
1770602825.5832953,BIT,1
1770602825.5832953,BIT,1
1770602825.7556477,BIT,0
1770602825.7556477,BIT,1
1770602825.7556477,BIT,0
1770602825.7556477,BIT,1
1770602825.7556477,BIT,1
1770602825.7556477,BIT,1
1770602825.7556477,BIT,0
1770602825.7556477,BIT,1
1770602825.7556477,BIT,1
1770602825.7556477,BIT,1
1770602825.939753,BIT,1
1770602825.939753,BIT,0
1770602825.939753,BIT,1
1770602825.939753,BIT,0
1770602825.939753,BIT,1
1770602825.939753,BIT,0
1770602825.939753,BIT,0
1770602825.939753,BIT,1
1770602825.939753,BIT,0
1770602825.939753,BIT,0
1770602826.116089,BIT,0
1770602826.116089,BIT,0
1770602826.116089,BIT,1
1770602826.116089,BIT,0
1770602826.116089,BIT,0
1770602826.116089,BIT,0
1770602826.116089,BIT,0
1770602826.116089,BIT,1
1770602826.116089,BIT,0
1770602826.116089,BIT,0
1770602826.2837026,BIT,0
1770602826.2837026,BIT,1
1770602826.2837026,BIT,0
1770602826.2837026,BIT,1
1770602826.2837026,BIT,0
1770602826.2837026,BIT,1
1770602826.2837026,BIT,0
1770602826.2837026,BIT,0
1770602826.2837026,BIT,0
1770602826.2837026,BIT,0
1770602826.4860034,BIT,0
1770602826.4860034,BIT,1
1770602826.4860034,BIT,0
1770602826.4860034,BIT,0
1770602826.4860034,BIT,0
1770602826.4860034,BIT,0
1770602826.4860034,BIT,1
1770602826.4860034,BIT,1
1770602826.4860034,BIT,1
1770602826.4860034,BIT,0
1770602826.6978,BIT,1
1770602826.6978,BIT,0
1770602826.6978,BIT,0
1770602826.6978,BIT,1
1770602826.6978,BIT,1
1770602826.6978,BIT,1
1770602826.6978,BIT,0
1770602826.6978,BIT,1
1770602826.6978,BIT,0
1770602826.6978,BIT,0
1770602826.8994207,BIT,0
1770602826.8994207,BIT,1
1770602826.8994207,BIT,1
1770602826.8994207,BIT,0
1770602826.8994207,BIT,0
1770602826.8994207,BIT,1
1770602826.8994207,BIT,1
1770602826.8994207,BIT,0
1770602826.8994207,BIT,1
1770602826.8994207,BIT,0
1770602827.0975542,BIT,0
1770602827.0975542,BIT,1
1770602827.0975542,BIT,0
1770602827.0975542,BIT,1
1770602827.0975542,BIT,1
1770602827.0975542,BIT,1
1770602827.0975542,BIT,1
1770602827.0975542,BIT,0
1770602827.0975542,BIT,0
1770602827.0975542,BIT,1
1770602827.2719164,BIT,1
1770602827.2719164,BIT,0
1770602827.2719164,BIT,1
1770602827.2719164,BIT,1
1770602827.2719164,BIT,1
1770602827.2719164,BIT,0
1770602827.2719164,BIT,1
1770602827.2719164,BIT,0
1770602827.2719164,BIT,0
1770602827.2719164,BIT,1
1770602827.4517577,BIT,1
1770602827.4517577,BIT,1
1770602827.4517577,BIT,1
1770602827.4517577,BIT,0
1770602827.4517577,BIT,0
1770602827.4517577,BIT,1
1770602827.4517577,BIT,0
1770602827.4517577,BIT,0
1770602827.4517577,BIT,1
1770602827.4517577,BIT,0
1770602827.6307206,BIT,1
1770602827.6307206,BIT,0
1770602827.6307206,BIT,1
1770602827.6307206,BIT,1
1770602827.6307206,BIT,0
1770602827.6307206,BIT,1
1770602827.6307206,BIT,0
1770602827.6307206,BIT,0
1770602827.6307206,BIT,0
1770602827.6307206,BIT,1
1770602827.815829,BIT,0
1770602827.815829,BIT,1
1770602827.815829,BIT,0
1770602827.815829,BIT,0
1770602827.815829,BIT,1
1770602827.815829,BIT,1
1770602827.815829,BIT,0
1770602827.815829,BIT,1
1770602827.815829,BIT,1
1770602827.815829,BIT,0
1770602827.999973,BIT,1
1770602827.999973,BIT,0
1770602827.999973,BIT,1
1770602827.999973,BIT,0
1770602827.999973,BIT,1
1770602827.999973,BIT,1
1770602827.999973,BIT,0
1770602827.999973,BIT,0
1770602827.999973,BIT,1
1770602827.999973,BIT,0
1770602828.17686,BIT,1
1770602828.17686,BIT,0
1770602828.17686,BIT,0
1770602828.17686,BIT,1
1770602828.17686,BIT,0
1770602828.17686,BIT,1
1770602828.17686,BIT,0
1770602828.17686,BIT,1
1770602828.17686,BIT,1
1770602828.17686,BIT,0
1770602828.3545866,BIT,1
1770602828.3545866,BIT,0
1770602828.3545866,BIT,1
1770602828.3545866,BIT,1
1770602828.3545866,BIT,0
1770602828.3545866,BIT,0
1770602828.3545866,BIT,1
1770602828.3545866,BIT,0
1770602828.3545866,BIT,0
1770602828.3545866,BIT,0
1770602828.566579,BIT,1
1770602828.566579,BIT,0
1770602828.566579,BIT,0
1770602828.566579,BIT,0
1770602828.566579,BIT,0
1770602828.566579,BIT,1
1770602828.566579,BIT,1
1770602828.566579,BIT,1
1770602828.566579,BIT,0
1770602828.566579,BIT,0
1770602828.796298,BIT,0
1770602828.796298,BIT,0
1770602828.796298,BIT,0
1770602828.796298,BIT,0
1770602828.796298,BIT,1
1770602828.796298,BIT,1
1770602828.796298,BIT,1
1770602828.796298,BIT,0
1770602828.796298,BIT,0
1770602828.796298,BIT,1
1770602828.9931636,BIT,0
1770602828.9931636,BIT,1
1770602828.9931636,BIT,1
1770602828.9931636,BIT,0
1770602828.9931636,BIT,0
1770602828.9931636,BIT,1
1770602828.9931636,BIT,1
1770602828.9931636,BIT,0
1770602828.9931636,BIT,1
1770602828.9931636,BIT,1
1770602829.1608272,BIT,0
1770602829.1608272,BIT,0
1770602829.1608272,BIT,1
1770602829.1608272,BIT,0
1770602829.1608272,BIT,0
1770602829.1608272,BIT,1
1770602829.1608272,BIT,0
1770602829.1608272,BIT,1
1770602829.1608272,BIT,0
1770602829.1608272,BIT,0
1770602829.3366563,BIT,1
1770602829.3366563,BIT,0
1770602829.3366563,BIT,0
1770602829.3366563,BIT,0
1770602829.3366563,BIT,0
1770602829.3366563,BIT,1
1770602829.3366563,BIT,1
1770602829.3366563,BIT,1
1770602829.3366563,BIT,0
1770602829.3366563,BIT,0
1770602829.5135586,BIT,0
1770602829.5135586,BIT,1
1770602829.5135586,BIT,1
1770602829.5135586,BIT,1
1770602829.5135586,BIT,0
1770602829.5135586,BIT,0
1770602829.5135586,BIT,1
1770602829.5135586,BIT,1
1770602829.5135586,BIT,1
1770602829.5135586,BIT,1
1770602829.7369165,BIT,1
1770602829.7369165,BIT,0
1770602829.7369165,BIT,1
1770602829.7369165,BIT,0
1770602829.7369165,BIT,0
1770602829.7369165,BIT,0
1770602829.7369165,BIT,0
1770602829.7369165,BIT,0
1770602829.7369165,BIT,1
1770602829.7369165,BIT,0
1770602829.9636962,BIT,1
1770602829.9636962,BIT,0
1770602829.9636962,BIT,0
1770602829.9636962,BIT,0
1770602829.9636962,BIT,1
1770602829.9636962,BIT,0
1770602829.9636962,BIT,0
1770602829.9636962,BIT,0
1770602829.9636962,BIT,0
1770602829.9636962,BIT,1
1770602830.1592662,BIT,1
1770602830.1592662,BIT,0
1770602830.1592662,BIT,0
1770602830.1592662,BIT,0
1770602830.1592662,BIT,0
1770602830.1592662,BIT,0
1770602830.1592662,BIT,0
1770602830.1592662,BIT,1
1770602830.1592662,BIT,1
1770602830.1592662,BIT,0
1770602830.3631885,BIT,0
1770602830.3631885,BIT,1
1770602830.3631885,BIT,0
1770602830.3631885,BIT,1
1770602830.3631885,BIT,1
1770602830.3631885,BIT,0
1770602830.3631885,BIT,0
1770602830.3631885,BIT,1
1770602830.3631885,BIT,0
1770602830.3631885,BIT,0
1770602830.5473368,BIT,1
1770602830.5473368,BIT,0
1770602830.5473368,BIT,0
1770602830.5473368,BIT,1
1770602830.5473368,BIT,1
1770602830.5473368,BIT,1
1770602830.5473368,BIT,0
1770602830.5473368,BIT,1
1770602830.5473368,BIT,0
1770602830.5473368,BIT,1
1770602830.7515335,BIT,0
1770602830.7515335,BIT,1
1770602830.7515335,BIT,1
1770602830.7515335,BIT,1
1770602830.7515335,BIT,1
1770602830.7515335,BIT,0
1770602830.7515335,BIT,0
1770602830.7515335,BIT,1
1770602830.7515335,BIT,0
1770602830.7515335,BIT,0
1770602830.9382067,BIT,1
1770602830.9382067,BIT,0
1770602830.9382067,BIT,1
1770602830.9382067,BIT,0
1770602830.9382067,BIT,0
1770602830.9382067,BIT,0
1770602830.9382067,BIT,0
1770602830.9382067,BIT,0
1770602830.9382067,BIT,1
1770602830.9382067,BIT,1
1770602831.1189957,BIT,1
1770602831.1189957,BIT,0
1770602831.1189957,BIT,1
1770602831.1189957,BIT,1
1770602831.1189957,BIT,1
1770602831.1189957,BIT,1
1770602831.1189957,BIT,1
1770602831.1189957,BIT,1
1770602831.1189957,BIT,0
1770602831.1189957,BIT,0
1770602831.3018217,BIT,0
1770602831.3018217,BIT,1
1770602831.3018217,BIT,0
1770602831.3018217,BIT,0
1770602831.3018217,BIT,1
1770602831.3018217,BIT,0
1770602831.3018217,BIT,1
1770602831.3018217,BIT,1
1770602831.3018217,BIT,1
1770602831.3018217,BIT,1
1770602831.485724,BIT,1
1770602831.485724,BIT,1
1770602831.485724,BIT,0
1770602831.485724,BIT,0
1770602831.485724,BIT,0
1770602831.485724,BIT,0
1770602831.485724,BIT,1
1770602831.485724,BIT,0
1770602831.485724,BIT,1
1770602831.485724,BIT,0
1770602831.6717374,BIT,0
1770602831.6717374,BIT,1
1770602831.6717374,BIT,0
1770602831.6717374,BIT,0
1770602831.6717374,BIT,0
1770602831.6717374,BIT,1
1770602831.6717374,BIT,1
1770602831.6717374,BIT,0
1770602831.6717374,BIT,0
1770602831.6717374,BIT,1
1770602831.8572824,BIT,0
1770602831.8572824,BIT,0
1770602831.8572824,BIT,1
1770602831.8572824,BIT,1
1770602831.8572824,BIT,1
1770602831.8572824,BIT,1
1770602831.8572824,BIT,0
1770602831.8572824,BIT,0
1770602831.8572824,BIT,0
1770602831.8572824,BIT,1
1770602832.0412846,BIT,0
1770602832.0412846,BIT,1
1770602832.0412846,BIT,1
1770602832.0412846,BIT,0
1770602832.0412846,BIT,1
1770602832.0412846,BIT,1
1770602832.0412846,BIT,0
1770602832.0412846,BIT,0
1770602832.0412846,BIT,1
1770602832.0412846,BIT,1
1770602832.2205913,BIT,0
1770602832.2205913,BIT,0
1770602832.2205913,BIT,1
1770602832.2205913,BIT,0
1770602832.2205913,BIT,0
1770602832.2205913,BIT,0
1770602832.2205913,BIT,1
1770602832.2205913,BIT,1
1770602832.2205913,BIT,0
1770602832.2205913,BIT,0
1770602832.4369814,BIT,0
1770602832.4369814,BIT,0
1770602832.4369814,BIT,1
1770602832.4369814,BIT,1
1770602832.4369814,BIT,0
1770602832.4369814,BIT,1
1770602832.4369814,BIT,1
1770602832.4369814,BIT,0
1770602832.4369814,BIT,1
1770602832.4369814,BIT,0
1770602832.6243134,BIT,0
1770602832.6243134,BIT,1
1770602832.6243134,BIT,1
1770602832.6243134,BIT,1
1770602832.6243134,BIT,0
1770602832.6243134,BIT,0
1770602832.6243134,BIT,0
1770602832.6243134,BIT,1
1770602832.6243134,BIT,0
1770602832.6243134,BIT,0
1770602832.8061898,BIT,0
1770602832.8061898,BIT,0
1770602832.8061898,BIT,1
1770602832.8061898,BIT,1
1770602832.8061898,BIT,1
1770602832.8061898,BIT,1
1770602832.8061898,BIT,1
1770602832.8061898,BIT,1
1770602832.8061898,BIT,1
1770602832.8061898,BIT,1
1770602832.9970415,BIT,1
1770602832.9970415,BIT,1
1770602832.9970415,BIT,1
1770602832.9970415,BIT,0
1770602832.9970415,BIT,1
1770602832.9970415,BIT,0
1770602832.9970415,BIT,0
1770602832.9970415,BIT,0
1770602832.9970415,BIT,1
1770602832.9970415,BIT,1
1770602833.1818025,BIT,1
1770602833.1818025,BIT,0
1770602833.1818025,BIT,1
1770602833.1818025,BIT,1
1770602833.1818025,BIT,0
1770602833.1818025,BIT,1
1770602833.1818025,BIT,0
1770602833.1818025,BIT,0
1770602833.1818025,BIT,0
1770602833.1818025,BIT,1
1770602833.3473368,BIT,0
1770602833.3473368,BIT,0
1770602833.3473368,BIT,1
1770602833.3473368,BIT,1
1770602833.3473368,BIT,1
1770602833.3473368,BIT,1
1770602833.3473368,BIT,0
1770602833.3473368,BIT,0
1770602833.3473368,BIT,0
1770602833.3473368,BIT,1
1770602833.543547,BIT,1
1770602833.543547,BIT,1
1770602833.543547,BIT,1
1770602833.543547,BIT,1
1770602833.543547,BIT,0
1770602833.543547,BIT,1
1770602833.543547,BIT,1
1770602833.543547,BIT,0
1770602833.543547,BIT,0
1770602833.543547,BIT,0
1770602833.7258956,BIT,1
1770602833.7258956,BIT,0
1770602833.7258956,BIT,1
1770602833.7258956,BIT,1
1770602833.7258956,BIT,0
1770602833.7258956,BIT,0
1770602833.7258956,BIT,0
1770602833.7258956,BIT,1
1770602833.7258956,BIT,0
1770602833.7258956,BIT,0
1770602833.935057,BIT,1
1770602833.935057,BIT,1
1770602833.935057,BIT,1
1770602833.935057,BIT,1
1770602833.935057,BIT,0
1770602833.935057,BIT,1
1770602833.935057,BIT,1
1770602833.935057,BIT,0
1770602833.935057,BIT,1
1770602833.935057,BIT,0
1770602834.1146789,BIT,1
1770602834.1146789,BIT,0
1770602834.1146789,BIT,1
1770602834.1146789,BIT,0
1770602834.1146789,BIT,1
1770602834.1146789,BIT,0
1770602834.1146789,BIT,1
1770602834.1146789,BIT,1
1770602834.1146789,BIT,0
1770602834.1146789,BIT,0
1770602834.306496,BIT,1
1770602834.306496,BIT,1
1770602834.306496,BIT,1
1770602834.306496,BIT,0
1770602834.306496,BIT,1
1770602834.306496,BIT,1
1770602834.306496,BIT,1
1770602834.306496,BIT,0
1770602834.306496,BIT,0
1770602834.306496,BIT,1
1770602834.485696,BIT,1
1770602834.485696,BIT,0
1770602834.485696,BIT,0
1770602834.485696,BIT,1
1770602834.485696,BIT,1
1770602834.485696,BIT,0
1770602834.485696,BIT,1
1770602834.485696,BIT,1
1770602834.485696,BIT,0
1770602834.485696,BIT,1
1770602834.6867867,BIT,0
1770602834.6867867,BIT,0
1770602834.6867867,BIT,1
1770602834.6867867,BIT,1
1770602834.6867867,BIT,1
1770602834.6867867,BIT,1
1770602834.6867867,BIT,1
1770602834.6867867,BIT,0
1770602834.6867867,BIT,0
1770602834.6867867,BIT,0
1770602834.8768094,BIT,0
1770602834.8768094,BIT,0
1770602834.8768094,BIT,1
1770602834.8768094,BIT,0
1770602834.8768094,BIT,1
1770602834.8768094,BIT,1
1770602834.8768094,BIT,1
1770602834.8768094,BIT,0
1770602834.8768094,BIT,0
1770602834.8768094,BIT,0
1770602835.0706043,BIT,0
1770602835.0706043,BIT,1
1770602835.0706043,BIT,1
1770602835.0706043,BIT,0
1770602835.0706043,BIT,0
1770602835.0706043,BIT,0
1770602835.0706043,BIT,0
1770602835.0706043,BIT,0
1770602835.0706043,BIT,0
1770602835.0706043,BIT,0
1770602835.2487345,BIT,1
1770602835.2487345,BIT,0
1770602835.2487345,BIT,0
1770602835.2487345,BIT,0
1770602835.2487345,BIT,0
1770602835.2487345,BIT,0
1770602835.2487345,BIT,0
1770602835.2487345,BIT,1
1770602835.2487345,BIT,1
1770602835.2487345,BIT,0
1770602835.428482,BIT,1
1770602835.428482,BIT,0
1770602835.428482,BIT,0
1770602835.428482,BIT,0
1770602835.428482,BIT,1
1770602835.428482,BIT,0
1770602835.428482,BIT,1
1770602835.428482,BIT,1
1770602835.428482,BIT,1
1770602835.428482,BIT,1
1770602835.605576,BIT,1
1770602835.605576,BIT,1
1770602835.605576,BIT,0
1770602835.605576,BIT,1
1770602835.605576,BIT,0
1770602835.605576,BIT,0
1770602835.605576,BIT,1
1770602835.605576,BIT,0
1770602835.605576,BIT,0
1770602835.605576,BIT,0
1770602835.7965074,BIT,0
1770602835.7965074,BIT,0
1770602835.7965074,BIT,1
1770602835.7965074,BIT,0
1770602835.7965074,BIT,1
1770602835.7965074,BIT,1
1770602835.7965074,BIT,0
1770602835.7965074,BIT,0
1770602835.7965074,BIT,0
1770602835.7965074,BIT,0
1770602836.016851,BIT,1
1770602836.016851,BIT,1
1770602836.016851,BIT,1
1770602836.016851,BIT,0
1770602836.016851,BIT,1
1770602836.016851,BIT,0
1770602836.016851,BIT,0
1770602836.016851,BIT,1
1770602836.016851,BIT,1
1770602836.016851,BIT,0
1770602836.222108,BIT,0
1770602836.222108,BIT,1
1770602836.222108,BIT,1
1770602836.222108,BIT,0
1770602836.222108,BIT,0
1770602836.222108,BIT,0
1770602836.222108,BIT,0
1770602836.222108,BIT,1
1770602836.222108,BIT,1
1770602836.222108,BIT,0
1770602836.4043796,BIT,0
1770602836.4043796,BIT,1
1770602836.4043796,BIT,0
1770602836.4043796,BIT,0
1770602836.4043796,BIT,1
1770602836.4043796,BIT,1
1770602836.4043796,BIT,1
1770602836.4043796,BIT,1
1770602836.4043796,BIT,1
1770602836.4043796,BIT,0
1770602836.583818,BIT,1
1770602836.583818,BIT,1
1770602836.583818,BIT,1
1770602836.583818,BIT,1
1770602836.583818,BIT,0
1770602836.583818,BIT,1
1770602836.583818,BIT,0
1770602836.583818,BIT,0
1770602836.583818,BIT,1
1770602836.583818,BIT,0
1770602836.788562,BIT,0
1770602836.788562,BIT,0
1770602836.788562,BIT,0
1770602836.788562,BIT,0
1770602836.788562,BIT,0
1770602836.788562,BIT,0
1770602836.788562,BIT,1
1770602836.788562,BIT,1
1770602836.788562,BIT,1
1770602836.788562,BIT,1
1770602837.0585852,BIT,1
1770602837.0585852,BIT,0
1770602837.0585852,BIT,0
1770602837.0585852,BIT,1
1770602837.0585852,BIT,1
1770602837.0585852,BIT,0
1770602837.0585852,BIT,1
1770602837.0585852,BIT,1
1770602837.0585852,BIT,1
1770602837.0585852,BIT,1
1770602837.2894957,BIT,1
1770602837.2894957,BIT,1
1770602837.2894957,BIT,1
1770602837.2894957,BIT,1
1770602837.2894957,BIT,1
1770602837.2894957,BIT,0
1770602837.2894957,BIT,0
1770602837.2894957,BIT,0
1770602837.2894957,BIT,1
1770602837.2894957,BIT,1
1770602837.5308816,BIT,0
1770602837.5308816,BIT,0
1770602837.5308816,BIT,0
1770602837.5308816,BIT,1
1770602837.5308816,BIT,1
1770602837.5308816,BIT,1
1770602837.5308816,BIT,1
1770602837.5308816,BIT,1
1770602837.5308816,BIT,0
1770602837.5308816,BIT,1
1770602837.7903347,BIT,1
1770602837.7903347,BIT,0
1770602837.7903347,BIT,1
1770602837.7903347,BIT,1
1770602837.7903347,BIT,0
1770602837.7903347,BIT,0
1770602837.7903347,BIT,1
1770602837.7903347,BIT,1
1770602837.7903347,BIT,0
1770602837.7903347,BIT,1
1770602838.0745187,BIT,1
1770602838.0745187,BIT,1
1770602838.0745187,BIT,0
1770602838.0745187,BIT,1
1770602838.0745187,BIT,0
1770602838.0745187,BIT,1
1770602838.0745187,BIT,1
1770602838.0745187,BIT,0
1770602838.0745187,BIT,1
1770602838.0745187,BIT,0
1770602838.302906,BIT,1
1770602838.302906,BIT,1
1770602838.302906,BIT,0
1770602838.302906,BIT,1
1770602838.302906,BIT,0
1770602838.302906,BIT,0
1770602838.302906,BIT,1
1770602838.302906,BIT,0
1770602838.302906,BIT,0
1770602838.302906,BIT,0
1770602838.530727,BIT,0
1770602838.530727,BIT,0
1770602838.530727,BIT,0
1770602838.530727,BIT,0
1770602838.530727,BIT,1
1770602838.530727,BIT,0
1770602838.530727,BIT,1
1770602838.530727,BIT,0
1770602838.530727,BIT,0
1770602838.530727,BIT,0
1770602838.7623956,BIT,1
1770602838.7623956,BIT,1
1770602838.7623956,BIT,1
1770602838.7623956,BIT,1
1770602838.7623956,BIT,0
1770602838.7623956,BIT,0
1770602838.7623956,BIT,1
1770602838.7623956,BIT,1
1770602838.7623956,BIT,0
1770602838.7623956,BIT,1
1770602838.9858198,BIT,0
1770602838.9858198,BIT,1
1770602838.9858198,BIT,0
1770602838.9858198,BIT,1
1770602838.9858198,BIT,0
1770602838.9858198,BIT,0
1770602838.9858198,BIT,1
1770602838.9858198,BIT,1
1770602838.9858198,BIT,1
1770602838.9858198,BIT,0
1770602839.2123055,BIT,0
1770602839.2123055,BIT,1
1770602839.2123055,BIT,1
1770602839.2123055,BIT,0
1770602839.2123055,BIT,0
1770602839.2123055,BIT,1
1770602839.2123055,BIT,1
1770602839.2123055,BIT,0
1770602839.2123055,BIT,0
1770602839.2123055,BIT,1
1770602839.4505227,BIT,0
1770602839.4505227,BIT,1
1770602839.4505227,BIT,0
1770602839.4505227,BIT,1
1770602839.4505227,BIT,0
1770602839.4505227,BIT,0
1770602839.4505227,BIT,1
1770602839.4505227,BIT,1
1770602839.4505227,BIT,0
1770602839.4505227,BIT,1
1770602839.651977,BIT,1
1770602839.651977,BIT,0
1770602839.651977,BIT,1
1770602839.651977,BIT,1
1770602839.651977,BIT,1
1770602839.651977,BIT,1
1770602839.651977,BIT,0
1770602839.651977,BIT,1
1770602839.651977,BIT,1
1770602839.651977,BIT,0
1770602839.8796732,BIT,0
1770602839.8796732,BIT,1
1770602839.8796732,BIT,1
1770602839.8796732,BIT,1
1770602839.8796732,BIT,0
1770602839.8796732,BIT,0
1770602839.8796732,BIT,0
1770602839.8796732,BIT,1
1770602839.8796732,BIT,1
1770602839.8796732,BIT,1
1770602840.0779388,BIT,0
1770602840.0779388,BIT,1
1770602840.0779388,BIT,0
1770602840.0779388,BIT,0
1770602840.0779388,BIT,0
1770602840.0779388,BIT,0
1770602840.0779388,BIT,0
1770602840.0779388,BIT,0
1770602840.0779388,BIT,0
1770602840.0779388,BIT,1
1770602840.2536056,BIT,1
1770602840.2536056,BIT,1
1770602840.2536056,BIT,0
1770602840.2536056,BIT,1
1770602840.2536056,BIT,0
1770602840.2536056,BIT,0
1770602840.2536056,BIT,1
1770602840.2536056,BIT,1
1770602840.2536056,BIT,0
1770602840.2536056,BIT,0
1770602840.4229414,BIT,1
1770602840.4229414,BIT,0
1770602840.4229414,BIT,0
1770602840.4229414,BIT,0
1770602840.4229414,BIT,1
1770602840.4229414,BIT,1
1770602840.4229414,BIT,0
1770602840.4229414,BIT,1
1770602840.4229414,BIT,1
1770602840.4229414,BIT,1
1770602840.6007268,BIT,1
1770602840.6007268,BIT,1
1770602840.6007268,BIT,1
1770602840.6007268,BIT,0
1770602840.6007268,BIT,0
1770602840.6007268,BIT,1
1770602840.6007268,BIT,1
1770602840.6007268,BIT,1
1770602840.6007268,BIT,1
1770602840.6007268,BIT,0
1770602840.7762213,BIT,0
1770602840.7762213,BIT,1
1770602840.7762213,BIT,0
1770602840.7762213,BIT,1
1770602840.7762213,BIT,1
1770602840.7762213,BIT,1
1770602840.7762213,BIT,0
1770602840.7762213,BIT,0
1770602840.7762213,BIT,0
1770602840.7762213,BIT,1
1770602840.9591074,BIT,1
1770602840.9591074,BIT,1
1770602840.9591074,BIT,1
1770602840.9591074,BIT,1
1770602840.9591074,BIT,1
1770602840.9591074,BIT,1
1770602840.9591074,BIT,1
1770602840.9591074,BIT,0
1770602840.9591074,BIT,1
1770602840.9591074,BIT,0
1770602841.1381748,BIT,0
1770602841.1381748,BIT,0
1770602841.1381748,BIT,1
1770602841.1381748,BIT,0
1770602841.1381748,BIT,0
1770602841.1381748,BIT,0
1770602841.1381748,BIT,0
1770602841.1381748,BIT,0
1770602841.1381748,BIT,0
1770602841.1381748,BIT,1
1770602841.3032029,BIT,1
1770602841.3032029,BIT,1
1770602841.3032029,BIT,0
1770602841.3032029,BIT,1
1770602841.3032029,BIT,0
1770602841.3032029,BIT,0
1770602841.3032029,BIT,0
1770602841.3032029,BIT,0
1770602841.3032029,BIT,0
1770602841.3032029,BIT,0
1770602841.4679945,BIT,1
1770602841.4679945,BIT,0
1770602841.4679945,BIT,1
1770602841.4679945,BIT,1
1770602841.4679945,BIT,0
1770602841.4679945,BIT,1
1770602841.4679945,BIT,1
1770602841.4679945,BIT,0
1770602841.4679945,BIT,0
1770602841.4679945,BIT,1
1770602841.6490011,BIT,0
1770602841.6490011,BIT,0
1770602841.6490011,BIT,1
1770602841.6490011,BIT,0
1770602841.6490011,BIT,0
1770602841.6490011,BIT,1
1770602841.6490011,BIT,1
1770602841.6490011,BIT,0
1770602841.6490011,BIT,0
1770602841.6490011,BIT,0
1770602841.8153684,BIT,1
1770602841.8153684,BIT,1
1770602841.8153684,BIT,1
1770602841.8153684,BIT,1
1770602841.8153684,BIT,1
1770602841.8153684,BIT,1
1770602841.8153684,BIT,1
1770602841.8153684,BIT,1
1770602841.8153684,BIT,1
1770602841.8153684,BIT,0
1770602841.9966283,BIT,0
1770602841.9966283,BIT,0
1770602841.9966283,BIT,0
1770602841.9966283,BIT,1
1770602841.9966283,BIT,0
1770602841.9966283,BIT,1
1770602841.9966283,BIT,0
1770602841.9966283,BIT,0
1770602841.9966283,BIT,1
1770602841.9966283,BIT,1
1770602842.1646523,BIT,1
1770602842.1646523,BIT,1
1770602842.1646523,BIT,0
1770602842.1646523,BIT,1
1770602842.1646523,BIT,1
1770602842.1646523,BIT,0
1770602842.1646523,BIT,0
1770602842.1646523,BIT,0
1770602842.1646523,BIT,0
1770602842.1646523,BIT,0
1770602842.3404574,BIT,1
1770602842.3404574,BIT,1
1770602842.3404574,BIT,1
1770602842.3404574,BIT,0
1770602842.3404574,BIT,0
1770602842.3404574,BIT,0
1770602842.3404574,BIT,0
1770602842.3404574,BIT,0
1770602842.3404574,BIT,0
1770602842.3404574,BIT,0
1770602842.5302432,BIT,0
1770602842.5302432,BIT,1
1770602842.5302432,BIT,1
1770602842.5302432,BIT,1
1770602842.5302432,BIT,0
1770602842.5302432,BIT,0
1770602842.5302432,BIT,1
1770602842.5302432,BIT,0
1770602842.5302432,BIT,1
1770602842.5302432,BIT,1
1770602842.6972342,BIT,0
1770602842.6972342,BIT,0
1770602842.6972342,BIT,1
1770602842.6972342,BIT,1
1770602842.6972342,BIT,1
1770602842.6972342,BIT,0
1770602842.6972342,BIT,1
1770602842.6972342,BIT,1
1770602842.6972342,BIT,0
1770602842.6972342,BIT,1
1770602842.8736026,BIT,0
1770602842.8736026,BIT,1
1770602842.8736026,BIT,1
1770602842.8736026,BIT,1
1770602842.8736026,BIT,0
1770602842.8736026,BIT,1
1770602842.8736026,BIT,1
1770602842.8736026,BIT,0
1770602842.8736026,BIT,0
1770602842.8736026,BIT,0
1770602843.061658,BIT,0
1770602843.061658,BIT,1
1770602843.061658,BIT,0
1770602843.061658,BIT,0
1770602843.061658,BIT,1
1770602843.061658,BIT,1
1770602843.061658,BIT,1
1770602843.061658,BIT,1
1770602843.061658,BIT,0
1770602843.061658,BIT,0
1770602843.2357879,BIT,1
1770602843.2357879,BIT,0
1770602843.2357879,BIT,0
1770602843.2357879,BIT,1
1770602843.2357879,BIT,1
1770602843.2357879,BIT,1
1770602843.2357879,BIT,1
1770602843.2357879,BIT,0
1770602843.2357879,BIT,1
1770602843.2357879,BIT,0
1770602843.4143384,BIT,0
1770602843.4143384,BIT,0
1770602843.4143384,BIT,1
1770602843.4143384,BIT,0
1770602843.4143384,BIT,0
1770602843.4143384,BIT,0
1770602843.4143384,BIT,0
1770602843.4143384,BIT,1
1770602843.4143384,BIT,0
1770602843.4143384,BIT,0
1770602843.586984,BIT,1
1770602843.586984,BIT,1
1770602843.586984,BIT,1
1770602843.586984,BIT,1
1770602843.586984,BIT,1
1770602843.586984,BIT,0
1770602843.586984,BIT,1
1770602843.586984,BIT,0
1770602843.586984,BIT,1
1770602843.586984,BIT,1
1770602843.7685993,BIT,0
1770602843.7685993,BIT,0
1770602843.7685993,BIT,1
1770602843.7685993,BIT,1
1770602843.7685993,BIT,0
1770602843.7685993,BIT,0
1770602843.7685993,BIT,1
1770602843.7685993,BIT,1
1770602843.7685993,BIT,0
1770602843.7685993,BIT,1
1770602843.9698422,BIT,0
1770602843.9698422,BIT,1
1770602843.9698422,BIT,0
1770602843.9698422,BIT,0
1770602843.9698422,BIT,1
1770602843.9698422,BIT,1
1770602843.9698422,BIT,0
1770602843.9698422,BIT,1
1770602843.9698422,BIT,0
1770602843.9698422,BIT,1
1770602844.17998,BIT,1
1770602844.17998,BIT,1
1770602844.17998,BIT,0
1770602844.17998,BIT,0
1770602844.17998,BIT,0
1770602844.17998,BIT,1
1770602844.17998,BIT,0
1770602844.17998,BIT,1
1770602844.17998,BIT,0
1770602844.17998,BIT,1
1770602844.3913407,BIT,0
1770602844.3913407,BIT,1
1770602844.3913407,BIT,1
1770602844.3913407,BIT,0
1770602844.3913407,BIT,0
1770602844.3913407,BIT,1
1770602844.3913407,BIT,1
1770602844.3913407,BIT,0
1770602844.3913407,BIT,0
1770602844.3913407,BIT,1
1770602844.675794,BIT,1
1770602844.675794,BIT,0
1770602844.675794,BIT,0
1770602844.675794,BIT,0
1770602844.675794,BIT,1
1770602844.675794,BIT,0
1770602844.675794,BIT,1
1770602844.675794,BIT,0
1770602844.675794,BIT,1
1770602844.675794,BIT,0
1770602844.9695442,BIT,0
1770602844.9695442,BIT,1
1770602844.9695442,BIT,0
1770602844.9695442,BIT,1
1770602844.9695442,BIT,0
1770602844.9695442,BIT,1
1770602844.9695442,BIT,1
1770602844.9695442,BIT,0
1770602844.9695442,BIT,1
1770602844.9695442,BIT,1
1770602845.250944,BIT,1
1770602845.250944,BIT,1
1770602845.250944,BIT,0
1770602845.250944,BIT,0
1770602845.250944,BIT,1
1770602845.250944,BIT,1
1770602845.250944,BIT,0
1770602845.250944,BIT,0
1770602845.250944,BIT,0
1770602845.250944,BIT,0
1770602845.508804,BIT,1
1770602845.508804,BIT,0
1770602845.508804,BIT,1
1770602845.508804,BIT,1
1770602845.508804,BIT,0
1770602845.508804,BIT,1
1770602845.508804,BIT,1
1770602845.508804,BIT,1
1770602845.508804,BIT,0
1770602845.508804,BIT,1
1770602845.8458664,BIT,0
1770602845.8458664,BIT,0
1770602845.8458664,BIT,0
1770602845.8458664,BIT,0
1770602845.8458664,BIT,0
1770602845.8458664,BIT,1
1770602845.8458664,BIT,1
1770602845.8458664,BIT,0
1770602845.8458664,BIT,0
1770602845.8458664,BIT,0
1770602846.145222,BIT,0
1770602846.145222,BIT,1
1770602846.145222,BIT,1
1770602846.145222,BIT,0
1770602846.145222,BIT,1
1770602846.145222,BIT,1
1770602846.145222,BIT,0
1770602846.145222,BIT,1
1770602846.145222,BIT,1
1770602846.145222,BIT,0
1770602846.4241023,BIT,1
1770602846.4241023,BIT,0
1770602846.4241023,BIT,1
1770602846.4241023,BIT,0
1770602846.4241023,BIT,1
1770602846.4241023,BIT,0
1770602846.4241023,BIT,1
1770602846.4241023,BIT,1
1770602846.4241023,BIT,1
1770602846.4241023,BIT,0
1770602846.6618664,BIT,0
1770602846.6618664,BIT,0
1770602846.6618664,BIT,1
1770602846.6618664,BIT,0
1770602846.6618664,BIT,0
1770602846.6618664,BIT,1
1770602846.6618664,BIT,1
1770602846.6618664,BIT,1
1770602846.6618664,BIT,0
1770602846.6618664,BIT,0
1770602846.901245,BIT,1
1770602846.901245,BIT,1
1770602846.901245,BIT,1
1770602846.901245,BIT,1
1770602846.901245,BIT,1
1770602846.901245,BIT,1
1770602846.901245,BIT,0
1770602846.901245,BIT,1
1770602846.901245,BIT,0
1770602846.901245,BIT,0
1770602847.1595013,BIT,1
1770602847.1595013,BIT,1
1770602847.1595013,BIT,1
1770602847.1595013,BIT,0
1770602847.1595013,BIT,0
1770602847.1595013,BIT,1
1770602847.1595013,BIT,0
1770602847.1595013,BIT,0
1770602847.1595013,BIT,0
1770602847.1595013,BIT,0
1770602847.4521005,BIT,0
1770602847.4521005,BIT,0
1770602847.4521005,BIT,0
1770602847.4521005,BIT,0
1770602847.4521005,BIT,1
1770602847.4521005,BIT,1
1770602847.4521005,BIT,1
1770602847.4521005,BIT,1
1770602847.4521005,BIT,0
1770602847.4521005,BIT,1
1770602847.6812034,BIT,1
1770602847.6812034,BIT,1
1770602847.6812034,BIT,1
1770602847.6812034,BIT,0
1770602847.6812034,BIT,0
1770602847.6812034,BIT,1
1770602847.6812034,BIT,0
1770602847.6812034,BIT,0
1770602847.6812034,BIT,1
1770602847.6812034,BIT,0
1770602847.9115868,BIT,0
1770602847.9115868,BIT,1
1770602847.9115868,BIT,1
1770602847.9115868,BIT,1
1770602847.9115868,BIT,1
1770602847.9115868,BIT,0
1770602847.9115868,BIT,0
1770602847.9115868,BIT,0
1770602847.9115868,BIT,1
1770602847.9115868,BIT,0
1770602848.1657014,BIT,1
1770602848.1657014,BIT,0
1770602848.1657014,BIT,0
1770602848.1657014,BIT,0
1770602848.1657014,BIT,0
1770602848.1657014,BIT,0
1770602848.1657014,BIT,1
1770602848.1657014,BIT,0
1770602848.1657014,BIT,0
1770602848.1657014,BIT,1
1770602848.4011946,BIT,0
1770602848.4011946,BIT,1
1770602848.4011946,BIT,0
1770602848.4011946,BIT,1
1770602848.4011946,BIT,0
1770602848.4011946,BIT,0
1770602848.4011946,BIT,1
1770602848.4011946,BIT,1
1770602848.4011946,BIT,0
1770602848.4011946,BIT,1
1770602848.629437,BIT,0
1770602848.629437,BIT,0
1770602848.629437,BIT,0
1770602848.629437,BIT,1
1770602848.629437,BIT,0
1770602848.629437,BIT,0
1770602848.629437,BIT,0
1770602848.629437,BIT,0
1770602848.629437,BIT,1
1770602848.629437,BIT,0
1770602848.8559043,BIT,0
1770602848.8559043,BIT,0
1770602848.8559043,BIT,0
1770602848.8559043,BIT,1
1770602848.8559043,BIT,0
1770602848.8559043,BIT,1
1770602848.8559043,BIT,1
1770602848.8559043,BIT,1
1770602848.8559043,BIT,1
1770602848.8559043,BIT,0
1770602849.08809,BIT,0
1770602849.08809,BIT,0
1770602849.08809,BIT,0
1770602849.08809,BIT,0
1770602849.08809,BIT,0
1770602849.08809,BIT,0
1770602849.08809,BIT,1
1770602849.08809,BIT,1
1770602849.08809,BIT,0
1770602849.08809,BIT,1
1770602849.2895598,BIT,0
1770602849.2895598,BIT,1
1770602849.2895598,BIT,0
1770602849.2895598,BIT,1
1770602849.2895598,BIT,1
1770602849.2895598,BIT,1
1770602849.2895598,BIT,1
1770602849.2895598,BIT,0
1770602849.2895598,BIT,1
1770602849.2895598,BIT,1
1770602849.5054102,BIT,1
1770602849.5054102,BIT,0
1770602849.5054102,BIT,0
1770602849.5054102,BIT,1
1770602849.5054102,BIT,0
1770602849.5054102,BIT,1
1770602849.5054102,BIT,0
1770602849.5054102,BIT,0
1770602849.5054102,BIT,1
1770602849.5054102,BIT,0
1770602849.7229452,BIT,1
1770602849.7229452,BIT,1
1770602849.7229452,BIT,1
1770602849.7229452,BIT,1
1770602849.7229452,BIT,1
1770602849.7229452,BIT,0
1770602849.7229452,BIT,1
1770602849.7229452,BIT,0
1770602849.7229452,BIT,0
1770602849.7229452,BIT,0
1770602849.9355106,BIT,1
1770602849.9355106,BIT,0
1770602849.9355106,BIT,0
1770602849.9355106,BIT,1
1770602849.9355106,BIT,1
1770602849.9355106,BIT,0
1770602849.9355106,BIT,1
1770602849.9355106,BIT,0
1770602849.9355106,BIT,0
1770602849.9355106,BIT,0
1770602850.147833,BIT,1
1770602850.147833,BIT,1
1770602850.147833,BIT,1
1770602850.147833,BIT,1
1770602850.147833,BIT,1
1770602850.147833,BIT,1
1770602850.147833,BIT,1
1770602850.147833,BIT,0
1770602850.147833,BIT,0
1770602850.147833,BIT,0
1770602850.3427157,BIT,0
1770602850.3427157,BIT,0
1770602850.3427157,BIT,0
1770602850.3427157,BIT,0
1770602850.3427157,BIT,1
1770602850.3427157,BIT,0
1770602850.3427157,BIT,1
1770602850.3427157,BIT,1
1770602850.3427157,BIT,1
1770602850.3427157,BIT,0
1770602850.54912,BIT,1
1770602850.54912,BIT,0
1770602850.54912,BIT,0
1770602850.54912,BIT,1
1770602850.54912,BIT,1
1770602850.54912,BIT,0
1770602850.54912,BIT,0
1770602850.54912,BIT,1
1770602850.54912,BIT,0
1770602850.54912,BIT,0
1770602850.7663264,BIT,1
1770602850.7663264,BIT,0
1770602850.7663264,BIT,0
1770602850.7663264,BIT,0
1770602850.7663264,BIT,1
1770602850.7663264,BIT,0
1770602850.7663264,BIT,1
1770602850.7663264,BIT,0
1770602850.7663264,BIT,1
1770602850.7663264,BIT,1
1770602851.0024276,BIT,1
1770602851.0024276,BIT,0
1770602851.0024276,BIT,0
1770602851.0024276,BIT,0
1770602851.0024276,BIT,1
1770602851.0024276,BIT,1
1770602851.0024276,BIT,1
1770602851.0024276,BIT,0
1770602851.0024276,BIT,1
1770602851.0024276,BIT,1
1770602851.2577088,BIT,1
1770602851.2577088,BIT,1
1770602851.2577088,BIT,1
1770602851.2577088,BIT,1
1770602851.2577088,BIT,1
1770602851.2577088,BIT,0
1770602851.2577088,BIT,0
1770602851.2577088,BIT,0
1770602851.2577088,BIT,0
1770602851.2577088,BIT,0
1770602851.455452,BIT,1
1770602851.455452,BIT,0
1770602851.455452,BIT,1
1770602851.455452,BIT,1
1770602851.455452,BIT,0
1770602851.455452,BIT,1
1770602851.455452,BIT,1
1770602851.455452,BIT,0
1770602851.455452,BIT,0
1770602851.455452,BIT,1
1770602851.6457944,BIT,0
1770602851.6457944,BIT,1
1770602851.6457944,BIT,0
1770602851.6457944,BIT,1
1770602851.6457944,BIT,1
1770602851.6457944,BIT,0
1770602851.6457944,BIT,1
1770602851.6457944,BIT,1
1770602851.6457944,BIT,0
1770602851.6457944,BIT,0
